{
  "IcoMoonType": "selection",
  "icons": [
    {
      "icon": {
        "paths": [
          "M848 48c44.8 0 80 35.2 80 80v768c0 44.8-35.2 80-80 80h-672c-44.8 0-80-35.2-80-80v-448c0-220.8 179.2-400 400-400h352zM848 0h-352c-246.4 0-448 201.6-448 448v448c0 70.4 57.6 128 128 128h672c70.4 0 128-57.6 128-128v-768c0-70.4-57.6-128-128-128v0z"
        ],
        "attrs": [
          {}
        ],
        "isMulticolor": false,
        "isMulticolor2": false,
        "grid": 0,
        "tags": [
          "PC Mouse Icons_LMB Outline"
        ]
      },
      "attrs": [
        {}
      ],
      "properties": {
        "order": 38,
        "id": 15,
        "name": "PC-Mouse-Icons_LMB-Outline",
        "prevSize": 32,
        "code": 113
      },
      "setIdx": 0,
      "setId": 0,
      "iconIdx": 0
    },
    {
      "icon": {
        "paths": [
          "M176 1024h672c70.4 0 128-57.6 128-128v-768c0-70.4-57.6-128-128-128h-352c-246.4 0-448 201.6-448 448v448c0 70.4 57.6 128 128 128z"
        ],
        "attrs": [
          {}
        ],
        "isMulticolor": false,
        "isMulticolor2": false,
        "grid": 0,
        "tags": [
          "PC Mouse Icons_LMB"
        ]
      },
      "attrs": [
        {}
      ],
      "properties": {
        "order": 39,
        "id": 14,
        "name": "PC-Mouse-Icons_LMB",
        "prevSize": 32,
        "code": 81
      },
      "setIdx": 0,
      "setId": 0,
      "iconIdx": 1
    },
    {
      "icon": {
        "paths": [
          "M512 144c97.6 0 176 78.4 176 176v384c0 97.6-78.4 176-176 176s-176-78.4-176-176v-384c0-97.6 78.4-176 176-176zM512 96c-123.2 0-224 100.8-224 224v384c0 123.2 100.8 224 224 224s224-100.8 224-224v-384c0-123.2-100.8-224-224-224v0z"
        ],
        "attrs": [
          {}
        ],
        "isMulticolor": false,
        "isMulticolor2": false,
        "grid": 0,
        "tags": [
          "PC Mouse Icons_MMB Outline"
        ]
      },
      "attrs": [
        {}
      ],
      "properties": {
        "order": 40,
        "id": 13,
        "name": "PC-Mouse-Icons_MMB-Outline",
        "prevSize": 32,
        "code": 119
      },
      "setIdx": 0,
      "setId": 0,
      "iconIdx": 2
    },
    {
      "icon": {
        "paths": [
          "M512 96c-123.2 0-224 100.8-224 224v384c0 123.2 100.8 224 224 224s224-100.8 224-224v-384c0-123.2-100.8-224-224-224v0z"
        ],
        "attrs": [
          {}
        ],
        "isMulticolor": false,
        "isMulticolor2": false,
        "grid": 0,
        "tags": [
          "PC Mouse Icons_MMB"
        ]
      },
      "attrs": [
        {}
      ],
      "properties": {
        "order": 41,
        "id": 12,
        "name": "PC-Mouse-Icons_MMB",
        "prevSize": 32,
        "code": 87
      },
      "setIdx": 0,
      "setId": 0,
      "iconIdx": 3
    },
    {
      "icon": {
        "paths": [
          "M528 48c220.8 0 400 179.2 400 400v448c0 44.8-35.2 80-80 80h-672c-44.8 0-80-35.2-80-80v-768c0-44.8 35.2-80 80-80h352zM528 0h-352c-70.4 0-128 57.6-128 128v768c0 70.4 57.6 128 128 128h672c70.4 0 128-57.6 128-128v-448c0-246.4-201.6-448-448-448v0z"
        ],
        "attrs": [
          {}
        ],
        "isMulticolor": false,
        "isMulticolor2": false,
        "grid": 0,
        "tags": [
          "PC Mouse Icons_RMB Outline"
        ]
      },
      "attrs": [
        {}
      ],
      "properties": {
        "order": 42,
        "id": 7,
        "name": "PC-Mouse-Icons_RMB-Outline",
        "prevSize": 32,
        "code": 101
      },
      "setIdx": 0,
      "setId": 0,
      "iconIdx": 4
    },
    {
      "icon": {
        "paths": [
          "M848 1024h-672c-70.4 0-128-57.6-128-128v-768c0-70.4 57.6-128 128-128h352c246.4 0 448 201.6 448 448v448c0 70.4-57.6 128-128 128z"
        ],
        "attrs": [
          {}
        ],
        "isMulticolor": false,
        "isMulticolor2": false,
        "grid": 0,
        "tags": [
          "PC Mouse Icons_RMB"
        ]
      },
      "attrs": [
        {}
      ],
      "properties": {
        "order": 43,
        "id": 6,
        "name": "PC-Mouse-Icons_RMB",
        "prevSize": 32,
        "code": 69
      },
      "setIdx": 0,
      "setId": 0,
      "iconIdx": 5
    },
    {
      "icon": {
        "paths": [
          "M640 0h-256c-105.6 0-192 86.4-192 192v512c0 176 144 320 320 320h4.8c172.8 0 315.2-142.4 315.2-315.2v-516.8c0-105.6-86.4-192-192-192zM516.8 384h-9.6c-33.6 0-59.2-27.2-59.2-59.2v-137.6c0-32 27.2-59.2 59.2-59.2h9.6c33.6 0 59.2 27.2 59.2 59.2v137.6c0 32-27.2 59.2-59.2 59.2zM800 708.8c0 155.2-128 283.2-283.2 283.2h-4.8c-158.4 0-288-129.6-288-288v-192h576v196.8zM528 480v-65.6c44.8-6.4 80-44.8 80-91.2v-137.6c0-46.4-35.2-84.8-80-91.2v-62.4h112c88 0 160 72 160 160v288h-272z"
        ],
        "attrs": [
          {}
        ],
        "isMulticolor": false,
        "isMulticolor2": false,
        "grid": 0,
        "tags": [
          "PC Mouse Icons_Mouse LB Outline"
        ]
      },
      "attrs": [
        {}
      ],
      "properties": {
        "order": 44,
        "id": 11,
        "name": "PC-Mouse-Icons_Mouse-LB-Outline",
        "prevSize": 32,
        "code": 97
      },
      "setIdx": 0,
      "setId": 0,
      "iconIdx": 6
    },
    {
      "icon": {
        "paths": [
          "M640 0h-256c-105.6 0-192 86.4-192 192v512c0 176 144 320 320 320h4.8c172.8 0 315.2-142.4 315.2-315.2v-516.8c0-105.6-86.4-192-192-192zM224 192c0-88 72-160 160-160h112v65.6c-44.8 6.4-80 44.8-80 91.2v137.6c0 46.4 35.2 84.8 80 91.2v62.4h-272v-288zM800 708.8c0 155.2-128 283.2-283.2 283.2h-4.8c-158.4 0-288-129.6-288-288v-192h576v196.8zM528 480v-65.6c44.8-6.4 80-44.8 80-91.2v-137.6c0-46.4-35.2-84.8-80-91.2v-62.4h112c88 0 160 72 160 160v288h-272z"
        ],
        "attrs": [
          {}
        ],
        "isMulticolor": false,
        "isMulticolor2": false,
        "grid": 0,
        "tags": [
          "PC Mouse Icons_Mouse MB Outline"
        ]
      },
      "attrs": [
        {}
      ],
      "properties": {
        "order": 45,
        "id": 10,
        "name": "PC-Mouse-Icons_Mouse-MB-Outline",
        "prevSize": 32,
        "code": 115
      },
      "setIdx": 0,
      "setId": 0,
      "iconIdx": 7
    },
    {
      "icon": {
        "paths": [
          "M640 0h-256c-105.6 0-192 86.4-192 192v512c0 176 144 320 320 320h4.8c172.8 0 315.2-142.4 315.2-315.2v-516.8c0-105.6-86.4-192-192-192zM516.8 384h-9.6c-33.6 0-59.2-27.2-59.2-59.2v-137.6c0-32 27.2-59.2 59.2-59.2h9.6c33.6 0 59.2 27.2 59.2 59.2v137.6c0 32-27.2 59.2-59.2 59.2zM224 192c0-88 72-160 160-160h112v65.6c-44.8 6.4-80 44.8-80 91.2v137.6c0 46.4 35.2 84.8 80 91.2v62.4h-272v-288zM800 708.8c0 155.2-128 283.2-283.2 283.2h-4.8c-158.4 0-288-129.6-288-288v-192h576v196.8z"
        ],
        "attrs": [
          {}
        ],
        "isMulticolor": false,
        "isMulticolor2": false,
        "grid": 0,
        "tags": [
          "PC Mouse Icons_Mouse RB Outline"
        ]
      },
      "attrs": [
        {}
      ],
      "properties": {
        "order": 46,
        "id": 8,
        "name": "PC-Mouse-Icons_Mouse-RB-Outline",
        "prevSize": 32,
        "code": 100
      },
      "setIdx": 0,
      "setId": 0,
      "iconIdx": 8
    },
    {
      "icon": {
        "paths": [
          "M640 0h-256c-105.6 0-192 86.4-192 192v512c0 176 144 320 320 320h4.8c172.8 0 315.2-142.4 315.2-315.2v-516.8c0-105.6-86.4-192-192-192zM516.8 384h-9.6c-33.6 0-59.2-27.2-59.2-59.2v-137.6c0-32 27.2-59.2 59.2-59.2h9.6c33.6 0 59.2 27.2 59.2 59.2v137.6c0 32-27.2 59.2-59.2 59.2zM224 192c0-88 72-160 160-160h112v65.6c-44.8 6.4-80 44.8-80 91.2v137.6c0 46.4 35.2 84.8 80 91.2v62.4h-272v-288zM800 708.8c0 155.2-128 283.2-283.2 283.2h-4.8c-158.4 0-288-129.6-288-288v-192h576v196.8zM528 480v-65.6c44.8-6.4 80-44.8 80-91.2v-137.6c0-46.4-35.2-84.8-80-91.2v-62.4h112c88 0 160 72 160 160v288h-272z"
        ],
        "attrs": [
          {}
        ],
        "isMulticolor": false,
        "isMulticolor2": false,
        "grid": 0,
        "tags": [
          "PC Mouse Icons_Mouse Outline"
        ]
      },
      "attrs": [
        {}
      ],
      "properties": {
        "order": 47,
        "id": 9,
        "name": "PC-Mouse-Icons_Mouse-Outline",
        "prevSize": 32,
        "code": 102
      },
      "setIdx": 0,
      "setId": 0,
      "iconIdx": 9
    },
    {
      "icon": {
        "paths": [
          "M704 579.2c-6.4 0-12.8 1.6-17.6 6.4l-174.4 176-174.4-174.4c-9.6-9.6-24-9.6-33.6 0s-9.6 24 0 33.6l192 192c9.6 9.6 24 9.6 33.6 0l192-192c9.6-9.6 9.6-24 0-33.6-4.8-4.8-11.2-8-17.6-8z",
          "M512 539.2c-62.4 0-112-49.6-112-112v-224c0-62.4 49.6-112 112-112s112 49.6 112 112v224c0 62.4-49.6 112-112 112zM512 587.2c88 0 160-72 160-160v-224c0-88-72-160-160-160s-160 72-160 160v224c0 89.6 72 160 160 160v0z",
          "M704 739.2c-6.4 0-12.8 1.6-17.6 6.4l-174.4 176-174.4-174.4c-9.6-9.6-24-9.6-33.6 0s-9.6 24 0 33.6l192 192c9.6 9.6 24 9.6 33.6 0l192-192c9.6-9.6 9.6-24 0-33.6-4.8-4.8-11.2-8-17.6-8z"
        ],
        "attrs": [
          {},
          {},
          {}
        ],
        "isMulticolor": false,
        "isMulticolor2": false,
        "grid": 0,
        "tags": [
          "PC Mouse Icons_Scroll Wheel Down Outline"
        ]
      },
      "attrs": [
        {},
        {},
        {}
      ],
      "properties": {
        "order": 48,
        "id": 5,
        "name": "PC-Mouse-Icons_Scroll-Wheel-Down-Outline",
        "prevSize": 32,
        "code": 122
      },
      "setIdx": 0,
      "setId": 0,
      "iconIdx": 10
    },
    {
      "icon": {
        "paths": [
          "M704 579.2c-6.4 0-12.8 1.6-17.6 6.4l-174.4 176-174.4-174.4c-9.6-9.6-24-9.6-33.6 0s-9.6 24 0 33.6l192 192c9.6 9.6 24 9.6 33.6 0l192-192c9.6-9.6 9.6-24 0-33.6-4.8-4.8-11.2-8-17.6-8z",
          "M512 587.2c88 0 160-72 160-160v-224c0-88-72-160-160-160s-160 72-160 160v224c0 89.6 72 160 160 160v0z",
          "M704 739.2c-6.4 0-12.8 1.6-17.6 6.4l-174.4 176-174.4-174.4c-9.6-9.6-24-9.6-33.6 0s-9.6 24 0 33.6l192 192c9.6 9.6 24 9.6 33.6 0l192-192c9.6-9.6 9.6-24 0-33.6-4.8-4.8-11.2-8-17.6-8z"
        ],
        "attrs": [
          {},
          {},
          {}
        ],
        "isMulticolor": false,
        "isMulticolor2": false,
        "grid": 0,
        "tags": [
          "PC Mouse Icons_Scroll Wheel Down"
        ]
      },
      "attrs": [
        {},
        {},
        {}
      ],
      "properties": {
        "order": 49,
        "id": 4,
        "name": "PC-Mouse-Icons_Scroll-Wheel-Down",
        "prevSize": 32,
        "code": 90
      },
      "setIdx": 0,
      "setId": 0,
      "iconIdx": 11
    },
    {
      "icon": {
        "paths": [
          "M704 248c-6.4 0-12.8-1.6-17.6-6.4l-174.4-176-174.4 176c-9.6 9.6-24 9.6-33.6 0s-9.6-24 0-33.6l192-192c9.6-9.6 24-9.6 33.6 0l192 192c9.6 9.6 9.6 24 0 33.6-4.8 4.8-11.2 6.4-17.6 6.4z",
          "M512 1016c-6.4 0-12.8-1.6-17.6-6.4l-192-192c-9.6-9.6-9.6-24 0-33.6s24-9.6 33.6 0l176 174.4 174.4-174.4c9.6-9.6 24-9.6 33.6 0s9.6 24 0 33.6l-192 192c-3.2 4.8-9.6 6.4-16 6.4z",
          "M512 288c62.4 0 112 49.6 112 112v224c0 62.4-49.6 112-112 112s-112-49.6-112-112v-224c0-62.4 49.6-112 112-112zM512 240c-88 0-160 72-160 160v224c0 88 72 160 160 160s160-72 160-160v-224c0-88-72-160-160-160v0z"
        ],
        "attrs": [
          {},
          {},
          {}
        ],
        "isMulticolor": false,
        "isMulticolor2": false,
        "grid": 0,
        "tags": [
          "PC Mouse Icons_Scroll Wheel Outline"
        ]
      },
      "attrs": [
        {},
        {},
        {}
      ],
      "properties": {
        "order": 50,
        "id": 3,
        "name": "PC-Mouse-Icons_Scroll-Wheel-Outline",
        "prevSize": 32,
        "code": 120
      },
      "setIdx": 0,
      "setId": 0,
      "iconIdx": 12
    },
    {
      "icon": {
        "paths": [
          "M704 248c-6.4 0-12.8-1.6-17.6-6.4l-174.4-176-174.4 176c-9.6 9.6-24 9.6-33.6 0s-9.6-24 0-33.6l192-192c9.6-9.6 24-9.6 33.6 0l192 192c9.6 9.6 9.6 24 0 33.6-4.8 4.8-11.2 6.4-17.6 6.4z",
          "M512 1016c-6.4 0-12.8-1.6-17.6-6.4l-192-192c-9.6-9.6-9.6-24 0-33.6s24-9.6 33.6 0l176 174.4 174.4-174.4c9.6-9.6 24-9.6 33.6 0s9.6 24 0 33.6l-192 192c-3.2 4.8-9.6 6.4-16 6.4z",
          "M512 240c-88 0-160 72-160 160v224c0 88 72 160 160 160s160-72 160-160v-224c0-88-72-160-160-160v0z"
        ],
        "attrs": [
          {},
          {},
          {}
        ],
        "isMulticolor": false,
        "isMulticolor2": false,
        "grid": 0,
        "tags": [
          "PC Mouse Icons_Scroll Wheel"
        ]
      },
      "attrs": [
        {},
        {},
        {}
      ],
      "properties": {
        "order": 51,
        "id": 0,
        "name": "PC-Mouse-Icons_Scroll-Wheel",
        "prevSize": 32,
        "code": 88
      },
      "setIdx": 0,
      "setId": 0,
      "iconIdx": 13
    },
    {
      "icon": {
        "paths": [
          "M704 444.8c-6.4 0-12.8-1.6-17.6-6.4l-174.4-176-174.4 174.4c-9.6 9.6-24 9.6-33.6 0s-9.6-24 0-33.6l192-192c9.6-9.6 24-9.6 33.6 0l192 192c9.6 9.6 9.6 24 0 33.6-4.8 4.8-11.2 8-17.6 8z",
          "M512 484.8c62.4 0 112 49.6 112 112v224c0 62.4-49.6 112-112 112s-112-49.6-112-112v-224c0-62.4 49.6-112 112-112zM512 436.8c-88 0-160 72-160 160v224c0 88 72 160 160 160s160-72 160-160v-224c0-89.6-72-160-160-160v0z",
          "M704 284.8c-6.4 0-12.8-1.6-17.6-6.4l-174.4-176-174.4 174.4c-9.6 9.6-24 9.6-33.6 0s-9.6-24 0-33.6l192-192c9.6-9.6 24-9.6 33.6 0l192 192c9.6 9.6 9.6 24 0 33.6-4.8 4.8-11.2 8-17.6 8z"
        ],
        "attrs": [
          {},
          {},
          {}
        ],
        "isMulticolor": false,
        "isMulticolor2": false,
        "grid": 0,
        "tags": [
          "PC Mouse Icons_Scroll Wheel Up Outline"
        ]
      },
      "attrs": [
        {},
        {},
        {}
      ],
      "properties": {
        "order": 52,
        "id": 2,
        "name": "PC-Mouse-Icons_Scroll-Wheel-Up-Outline",
        "prevSize": 32,
        "code": 99
      },
      "setIdx": 0,
      "setId": 0,
      "iconIdx": 14
    },
    {
      "icon": {
        "paths": [
          "M704 444.8c-6.4 0-12.8-1.6-17.6-6.4l-174.4-176-174.4 174.4c-9.6 9.6-24 9.6-33.6 0s-9.6-24 0-33.6l192-192c9.6-9.6 24-9.6 33.6 0l192 192c9.6 9.6 9.6 24 0 33.6-4.8 4.8-11.2 8-17.6 8z",
          "M512 436.8c-88 0-160 72-160 160v224c0 88 72 160 160 160s160-72 160-160v-224c0-89.6-72-160-160-160v0z",
          "M704 284.8c-6.4 0-12.8-1.6-17.6-6.4l-174.4-176-174.4 174.4c-9.6 9.6-24 9.6-33.6 0s-9.6-24 0-33.6l192-192c9.6-9.6 24-9.6 33.6 0l192 192c9.6 9.6 9.6 24 0 33.6-4.8 4.8-11.2 8-17.6 8z"
        ],
        "attrs": [
          {},
          {},
          {}
        ],
        "isMulticolor": false,
        "isMulticolor2": false,
        "grid": 0,
        "tags": [
          "PC Mouse Icons_Scroll Wheel Up"
        ]
      },
      "attrs": [
        {},
        {},
        {}
      ],
      "properties": {
        "order": 53,
        "id": 1,
        "name": "PC-Mouse-Icons_Scroll-Wheel-Up",
        "prevSize": 32,
        "code": 67
      },
      "setIdx": 0,
      "setId": 0,
      "iconIdx": 15
    }
  ],
  "height": 1024,
  "metadata": {
    "name": "Mouse-Icon"
  },
  "preferences": {
    "showGlyphs": true,
    "showCodes": true,
    "showQuickUse": true,
    "showQuickUse2": true,
    "showSVGs": true,
    "fontPref": {
      "prefix": "icon-",
      "metadata": {
        "fontFamily": "Mouse-Icon",
        "majorVersion": 1,
        "minorVersion": 0
      },
      "metrics": {
        "emSize": 1024,
        "baseline": 6.25,
        "whitespace": 50
      },
      "embed": false
    },
    "imagePref": {
      "prefix": "icon-",
      "png": true,
      "useClassSelector": true,
      "color": 0,
      "bgColor": 16777215
    },
    "historySize": 100
  }
}