{
  "IcoMoonType": "selection",
  "icons": [
    {
      "icon": {
        "paths": [
          "M512 96c228.8 0 416 187.2 416 416s-187.2 416-416 416-416-187.2-416-416 187.2-416 416-416zM512 64c-248 0-448 200-448 448s200 448 448 448 448-200 448-448c0-248-200-448-448-448v0z",
          "M560 320h-96l-144 384h97.6l30.4-96h128l32 96h96l-144-384zM448 560l48-144h32l48 144h-128z"
        ],
        "attrs": [
          {},
          {}
        ],
        "isMulticolor": false,
        "isMulticolor2": false,
        "grid": 0,
        "tags": [
          "XBOXONE_Button A Outline"
        ]
      },
      "attrs": [
        {},
        {}
      ],
      "properties": {
        "order": 2,
        "id": 25,
        "name": "XBOXONE_Button-A-Outline",
        "prevSize": 32,
        "code": 113
      },
      "setIdx": 0,
      "setId": 0,
      "iconIdx": 0
    },
    {
      "icon": {
        "paths": [
          "M512 64c-248 0-448 200-448 448s200 448 448 448 448-200 448-448c0-248-200-448-448-448zM608 704l-32-96h-128l-30.4 96h-97.6l144-384h96l144 384h-96z",
          "M496 416l-48 144h128l-48-144z"
        ],
        "attrs": [
          {},
          {}
        ],
        "isMulticolor": false,
        "isMulticolor2": false,
        "grid": 0,
        "tags": [
          "XBOXONE_Button A"
        ]
      },
      "attrs": [
        {},
        {}
      ],
      "properties": {
        "order": 3,
        "id": 24,
        "name": "XBOXONE_Button-A",
        "prevSize": 32,
        "code": 119
      },
      "setIdx": 0,
      "setId": 0,
      "iconIdx": 1
    },
    {
      "icon": {
        "paths": [
          "M512 96c228.8 0 416 187.2 416 416s-187.2 416-416 416-416-187.2-416-416 187.2-416 416-416zM512 64c-248 0-448 200-448 448s200 448 448 448 448-200 448-448c0-248-200-448-448-448v0z",
          "M632 528c-16-16-38.4-27.2-65.6-30.4v-1.6c22.4-6.4 40-17.6 54.4-32 14.4-16 20.8-33.6 20.8-54.4 0-28.8-11.2-51.2-35.2-67.2-22.4-16-56-24-99.2-24h-139.2v384h147.2c43.2 0 78.4-9.6 102.4-30.4 25.6-20.8 38.4-48 38.4-83.2 0-24-8-43.2-24-60.8zM454.4 384h32c41.6 0 62.4 14.4 62.4 41.6 0 14.4-4.8 27.2-16 35.2-9.6 8-24 12.8-41.6 12.8h-38.4v-89.6zM548.8 625.6c-11.2 9.6-27.2 14.4-46.4 14.4h-46.4v-100.8h48c19.2 0 35.2 4.8 46.4 12.8s16 20.8 16 36.8c-1.6 16-6.4 28.8-17.6 36.8z"
        ],
        "attrs": [
          {},
          {}
        ],
        "isMulticolor": false,
        "isMulticolor2": false,
        "grid": 0,
        "tags": [
          "XBOXONE_Button B Outline"
        ]
      },
      "attrs": [
        {},
        {}
      ],
      "properties": {
        "order": 4,
        "id": 23,
        "name": "XBOXONE_Button-B-Outline",
        "prevSize": 32,
        "code": 101
      },
      "setIdx": 0,
      "setId": 0,
      "iconIdx": 2
    },
    {
      "icon": {
        "paths": [
          "M550.4 462.4c9.6-8 16-20.8 16-35.2 0-28.8-20.8-41.6-62.4-41.6h-32v91.2h38.4c16-1.6 30.4-6.4 40-14.4z",
          "M564.8 552c-11.2-8-27.2-12.8-46.4-12.8h-48v100.8h46.4c19.2 0 35.2-4.8 46.4-14.4s17.6-22.4 17.6-38.4c0-14.4-4.8-25.6-16-35.2z",
          "M512 64c-248 0-448 200-448 448s200 448 448 448 448-200 448-448c0-248-200-448-448-448zM633.6 673.6c-25.6 20.8-59.2 30.4-102.4 30.4h-147.2v-384h139.2c43.2 0 75.2 8 99.2 24 22.4 16 35.2 38.4 35.2 67.2 0 20.8-6.4 38.4-20.8 54.4s-32 25.6-54.4 32v1.6c27.2 3.2 49.6 12.8 65.6 30.4 16 16 24 36.8 24 60.8-0 33.6-12.8 62.4-38.4 83.2z"
        ],
        "attrs": [
          {},
          {},
          {}
        ],
        "isMulticolor": false,
        "isMulticolor2": false,
        "grid": 0,
        "tags": [
          "XBOXONE_Button B"
        ]
      },
      "attrs": [
        {},
        {},
        {}
      ],
      "properties": {
        "order": 5,
        "id": 22,
        "name": "XBOXONE_Button-B",
        "prevSize": 32,
        "code": 114
      },
      "setIdx": 0,
      "setId": 0,
      "iconIdx": 3
    },
    {
      "icon": {
        "paths": [
          "M512 96c228.8 0 416 187.2 416 416s-187.2 416-416 416-416-187.2-416-416 187.2-416 416-416zM512 64c-248 0-448 200-448 448s200 448 448 448 448-200 448-448c0-248-200-448-448-448v0z",
          "M688 704h-112l-64-144-64 144h-112l112-192-112-192h112l64 144 64-144h112l-112 192z"
        ],
        "attrs": [
          {},
          {}
        ],
        "isMulticolor": false,
        "isMulticolor2": false,
        "grid": 0,
        "tags": [
          "XBOXONE_Button X Outline"
        ]
      },
      "attrs": [
        {},
        {}
      ],
      "properties": {
        "order": 6,
        "id": 21,
        "name": "XBOXONE_Button-X-Outline",
        "prevSize": 32,
        "code": 116
      },
      "setIdx": 0,
      "setId": 0,
      "iconIdx": 4
    },
    {
      "icon": {
        "paths": [
          "M512 64c-248 0-448 200-448 448s200 448 448 448 448-200 448-448c0-248-200-448-448-448zM688 704h-112l-64-144-64 144h-112l112-192-112-192h112l64 144 64-144h112l-112 192 112 192z"
        ],
        "attrs": [
          {}
        ],
        "isMulticolor": false,
        "isMulticolor2": false,
        "grid": 0,
        "tags": [
          "XBOXONE_Button X"
        ]
      },
      "attrs": [
        {}
      ],
      "properties": {
        "order": 7,
        "id": 20,
        "name": "XBOXONE_Button-X",
        "prevSize": 32,
        "code": 121
      },
      "setIdx": 0,
      "setId": 0,
      "iconIdx": 5
    },
    {
      "icon": {
        "paths": [
          "M512 96c228.8 0 416 187.2 416 416s-187.2 416-416 416-416-187.2-416-416 187.2-416 416-416zM512 64c-248 0-448 200-448 448s200 448 448 448 448-200 448-448c0-248-200-448-448-448v0z",
          "M553.6 566.4v136h-86.4v-134.4l-121.6-246.4h97.6l60.8 142.4c1.6 3.2 3.2 12.8 8 30.4h1.6c1.6-12.8 4.8-22.4 8-30.4l62.4-142.4h91.2l-121.6 244.8z"
        ],
        "attrs": [
          {},
          {}
        ],
        "isMulticolor": false,
        "isMulticolor2": false,
        "grid": 0,
        "tags": [
          "XBOXONE_Button Y Outline"
        ]
      },
      "attrs": [
        {},
        {}
      ],
      "properties": {
        "order": 8,
        "id": 19,
        "name": "XBOXONE_Button-Y-Outline",
        "prevSize": 32,
        "code": 117
      },
      "setIdx": 0,
      "setId": 0,
      "iconIdx": 6
    },
    {
      "icon": {
        "paths": [
          "M512 64c-248 0-448 200-448 448s200 448 448 448 448-200 448-448c0-248-200-448-448-448zM545.6 560v136h-86.4v-134.4l-121.6-246.4h97.6l60.8 142.4c1.6 3.2 3.2 12.8 8 30.4h1.6c1.6-12.8 4.8-22.4 8-30.4l62.4-142.4h91.2l-121.6 244.8z"
        ],
        "attrs": [
          {}
        ],
        "isMulticolor": false,
        "isMulticolor2": false,
        "grid": 0,
        "tags": [
          "XBOXONE_Button Y"
        ]
      },
      "attrs": [
        {}
      ],
      "properties": {
        "order": 9,
        "id": 18,
        "name": "XBOXONE_Button-Y",
        "prevSize": 32,
        "code": 105
      },
      "setIdx": 0,
      "setId": 0,
      "iconIdx": 7
    },
    {
      "icon": {
        "paths": [
          "M512 992l-96-144h192z",
          "M776 416h-168v-168c0-12.8-11.2-24-24-24h-144c-12.8 0-24 11.2-24 24v168h-168c-12.8 0-24 11.2-24 24v144c0 12.8 11.2 24 24 24h168v168c0 12.8 11.2 24 24 24h144c12.8 0 24-11.2 24-24v-168h168c12.8 0 24-11.2 24-24v-144c0-12.8-11.2-24-24-24z"
        ],
        "attrs": [
          {},
          {}
        ],
        "isMulticolor": false,
        "isMulticolor2": false,
        "grid": 0,
        "tags": [
          "XBOXONE_D-Pad Down"
        ]
      },
      "attrs": [
        {},
        {}
      ],
      "properties": {
        "order": 10,
        "id": 17,
        "name": "XBOXONE_D-Pad-Down",
        "prevSize": 32,
        "code": 111
      },
      "setIdx": 0,
      "setId": 0,
      "iconIdx": 8
    },
    {
      "icon": {
        "paths": [
          "M32 512l144 96v-192z",
          "M776 416h-168v-168c0-12.8-11.2-24-24-24h-144c-12.8 0-24 11.2-24 24v168h-168c-12.8 0-24 11.2-24 24v144c0 12.8 11.2 24 24 24h168v168c0 12.8 11.2 24 24 24h144c12.8 0 24-11.2 24-24v-168h168c12.8 0 24-11.2 24-24v-144c0-12.8-11.2-24-24-24z"
        ],
        "attrs": [
          {},
          {}
        ],
        "isMulticolor": false,
        "isMulticolor2": false,
        "grid": 0,
        "tags": [
          "XBOXONE_D-Pad Left"
        ]
      },
      "attrs": [
        {},
        {}
      ],
      "properties": {
        "order": 11,
        "id": 16,
        "name": "XBOXONE_D-Pad-Left",
        "prevSize": 32,
        "code": 112
      },
      "setIdx": 0,
      "setId": 0,
      "iconIdx": 9
    },
    {
      "icon": {
        "paths": [
          "M992 512l-144 96v-192z",
          "M776 416h-168v-168c0-12.8-11.2-24-24-24h-144c-12.8 0-24 11.2-24 24v168h-168c-12.8 0-24 11.2-24 24v144c0 12.8 11.2 24 24 24h168v168c0 12.8 11.2 24 24 24h144c12.8 0 24-11.2 24-24v-168h168c12.8 0 24-11.2 24-24v-144c0-12.8-11.2-24-24-24z"
        ],
        "attrs": [
          {},
          {}
        ],
        "isMulticolor": false,
        "isMulticolor2": false,
        "grid": 0,
        "tags": [
          "XBOXONE_D-Pad Right"
        ]
      },
      "attrs": [
        {},
        {}
      ],
      "properties": {
        "order": 12,
        "id": 15,
        "name": "XBOXONE_D-Pad-Right",
        "prevSize": 32,
        "code": 97
      },
      "setIdx": 0,
      "setId": 0,
      "iconIdx": 10
    },
    {
      "icon": {
        "paths": [
          "M512 32l-96 144h192z",
          "M776 416h-168v-168c0-12.8-11.2-24-24-24h-144c-12.8 0-24 11.2-24 24v168h-168c-12.8 0-24 11.2-24 24v144c0 12.8 11.2 24 24 24h168v168c0 12.8 11.2 24 24 24h144c12.8 0 24-11.2 24-24v-168h168c12.8 0 24-11.2 24-24v-144c0-12.8-11.2-24-24-24z"
        ],
        "attrs": [
          {},
          {}
        ],
        "isMulticolor": false,
        "isMulticolor2": false,
        "grid": 0,
        "tags": [
          "XBOXONE_D-Pad Up"
        ]
      },
      "attrs": [
        {},
        {}
      ],
      "properties": {
        "order": 13,
        "id": 14,
        "name": "XBOXONE_D-Pad-Up",
        "prevSize": 32,
        "code": 115
      },
      "setIdx": 0,
      "setId": 0,
      "iconIdx": 11
    },
    {
      "icon": {
        "paths": [
          "M776 416h-168v-168c0-12.8-11.2-24-24-24h-144c-12.8 0-24 11.2-24 24v168h-168c-12.8 0-24 11.2-24 24v144c0 12.8 11.2 24 24 24h168v168c0 12.8 11.2 24 24 24h144c12.8 0 24-11.2 24-24v-168h168c12.8 0 24-11.2 24-24v-144c0-12.8-11.2-24-24-24z"
        ],
        "attrs": [
          {}
        ],
        "isMulticolor": false,
        "isMulticolor2": false,
        "grid": 0,
        "tags": [
          "XBOXONE_D-Pad"
        ]
      },
      "attrs": [
        {}
      ],
      "properties": {
        "order": 14,
        "id": 13,
        "name": "XBOXONE_D-Pad",
        "prevSize": 32,
        "code": 100
      },
      "setIdx": 0,
      "setId": 0,
      "iconIdx": 12
    },
    {
      "icon": {
        "paths": [
          "M692.8 577.6c-9.6-6.4-22.4-11.2-38.4-11.2h-38.4v83.2h38.4c16 0 28.8-3.2 38.4-11.2s14.4-17.6 14.4-30.4c-1.6-12.8-4.8-24-14.4-30.4z",
          "M681.6 504c8-6.4 12.8-17.6 12.8-28.8 0-22.4-17.6-35.2-51.2-35.2h-27.2v73.6h30.4c14.4 0 25.6-3.2 35.2-9.6z",
          "M996.8 368c-6.4-9.6-14.4-19.2-24-28.8-19.2-20.8-43.2-43.2-70.4-64s-54.4-41.6-80-56c-25.6-14.4-43.2-25.6-67.2-25.6-432-1.6-627.2 142.4-684.8 198.4-16 14.4-25.6 33.6-27.2 56l-27.2 288c-4.8 51.2 35.2 96 86.4 96h702.4c36.8 0 68.8-22.4 81.6-57.6 17.6-49.6 48-134.4 73.6-209.6 12.8-38.4 24-73.6 33.6-102.4 4.8-14.4 8-27.2 11.2-36.8s4.8-17.6 4.8-25.6c-1.6-14.4-6.4-24-12.8-32zM470.4 702.4h-187.2v-315.2h70.4v256h116.8v59.2zM750.4 676.8c-20.8 17.6-48 25.6-84.8 25.6h-120v-315.2h113.6c35.2 0 62.4 6.4 80 19.2 19.2 12.8 28.8 30.4 28.8 54.4 0 17.6-6.4 32-17.6 44.8s-25.6 20.8-43.2 27.2v1.6c22.4 3.2 40 11.2 52.8 24 12.8 14.4 20.8 30.4 20.8 49.6 0 28.8-11.2 51.2-30.4 68.8z"
        ],
        "attrs": [
          {},
          {},
          {}
        ],
        "isMulticolor": false,
        "isMulticolor2": false,
        "grid": 0,
        "tags": [
          "XBOXONE_Left Bumper"
        ]
      },
      "attrs": [
        {},
        {},
        {}
      ],
      "properties": {
        "order": 15,
        "id": 12,
        "name": "XBOXONE_Left-Bumper",
        "prevSize": 32,
        "code": 102
      },
      "setIdx": 0,
      "setId": 0,
      "iconIdx": 13
    },
    {
      "icon": {
        "paths": [
          "M512 336l160-224h-320z",
          "M896 400h-768c-52.8 0-96 43.2-96 96s43.2 96 96 96h128v320h512v-320h128c52.8 0 96-43.2 96-96s-43.2-96-96-96zM620.8 828.8h-185.6v-336h56v289.6h129.6v46.4z"
        ],
        "attrs": [
          {},
          {}
        ],
        "isMulticolor": false,
        "isMulticolor2": false,
        "grid": 0,
        "tags": [
          "XBOXONE_Left Stick Button"
        ]
      },
      "attrs": [
        {},
        {}
      ],
      "properties": {
        "order": 16,
        "id": 11,
        "name": "XBOXONE_Left-Stick-Button",
        "prevSize": 32,
        "code": 103
      },
      "setIdx": 0,
      "setId": 0,
      "iconIdx": 14
    },
    {
      "icon": {
        "paths": [
          "M512 128c211.2 0 384 172.8 384 384s-172.8 384-384 384-384-172.8-384-384 172.8-384 384-384zM512 32c-265.6 0-480 214.4-480 480s214.4 480 480 480 480-214.4 480-480c0-265.6-214.4-480-480-480v0z",
          "M512 176c-185.6 0-336 150.4-336 336s150.4 336 336 336c185.6 0 336-150.4 336-336s-150.4-336-336-336zM624 702.4h-227.2v-380.8h86.4v312h140.8v68.8z"
        ],
        "attrs": [
          {},
          {}
        ],
        "isMulticolor": false,
        "isMulticolor2": false,
        "grid": 0,
        "tags": [
          "XBOXONE_Left Stick"
        ]
      },
      "attrs": [
        {},
        {}
      ],
      "properties": {
        "order": 17,
        "id": 10,
        "name": "XBOXONE_Left-Stick",
        "prevSize": 32,
        "code": 104
      },
      "setIdx": 0,
      "setId": 0,
      "iconIdx": 15
    },
    {
      "icon": {
        "paths": [
          "M905.6 184c-4.8-17.6-12.8-44.8-35.2-68.8-38.4-41.6-91.2-49.6-116.8-51.2-88 0-174.4 0-262.4 0h-262.4c-9.6 1.6-43.2 6.4-65.6 35.2-28.8 35.2-28.8 91.2 0 137.6 19.2 62.4 46.4 172.8 33.6 310.4-11.2 105.6-41.6 187.2-65.6 241.6-4.8 4.8-40 46.4-33.6 104 4.8 35.2 24 59.2 32 67.2 120 0 240 0 361.6 0 48-8 128-27.2 208-86.4 52.8-38.4 84.8-80 104-104 14.4-19.2 68.8-91.2 104-206.4-1.6 0 49.6-174.4-1.6-379.2zM504 606.4h-187.2v-313.6h70.4v256h116.8v57.6zM768 350.4h-89.6v256h-70.4v-256h-89.6v-57.6h249.6v57.6z"
        ],
        "attrs": [
          {}
        ],
        "isMulticolor": false,
        "isMulticolor2": false,
        "grid": 0,
        "tags": [
          "XBOXONE_Left Trigger"
        ]
      },
      "attrs": [
        {}
      ],
      "properties": {
        "order": 18,
        "id": 9,
        "name": "XBOXONE_Left-Trigger",
        "prevSize": 32,
        "code": 106
      },
      "setIdx": 0,
      "setId": 0,
      "iconIdx": 16
    },
    {
      "icon": {
        "paths": [
          "M256 640h512v64h-512v-64z",
          "M256 480h512v64h-512v-64z",
          "M256 320h512v64h-512v-64z",
          "M512 96c228.8 0 416 187.2 416 416s-187.2 416-416 416-416-187.2-416-416 187.2-416 416-416zM512 64c-248 0-448 200-448 448s200 448 448 448 448-200 448-448c0-248-200-448-448-448v0z"
        ],
        "attrs": [
          {},
          {},
          {},
          {}
        ],
        "isMulticolor": false,
        "isMulticolor2": false,
        "grid": 0,
        "tags": [
          "XBOXONE_Menu (Start) Outline"
        ]
      },
      "attrs": [
        {},
        {},
        {},
        {}
      ],
      "properties": {
        "order": 19,
        "id": 8,
        "name": "XBOXONE_Menu-(Start)-Outline",
        "prevSize": 32,
        "code": 107
      },
      "setIdx": 0,
      "setId": 0,
      "iconIdx": 17
    },
    {
      "icon": {
        "paths": [
          "M512 64c-248 0-448 200-448 448s200 448 448 448 448-200 448-448c0-248-200-448-448-448zM768 704h-512v-64h512v64zM768 544h-512v-64h512v64zM768 384h-512v-64h512v64z"
        ],
        "attrs": [
          {}
        ],
        "isMulticolor": false,
        "isMulticolor2": false,
        "grid": 0,
        "tags": [
          "XBOXONE_Menu (Start)"
        ]
      },
      "attrs": [
        {}
      ],
      "properties": {
        "order": 20,
        "id": 7,
        "name": "XBOXONE_Menu-(Start)",
        "prevSize": 32,
        "code": 108
      },
      "setIdx": 0,
      "setId": 0,
      "iconIdx": 18
    },
    {
      "icon": {
        "paths": [
          "M713.6 504c8-6.4 12.8-17.6 12.8-28.8 0-22.4-17.6-35.2-51.2-35.2h-27.2v73.6h30.4c14.4 0 25.6-3.2 35.2-9.6z",
          "M724.8 577.6c-9.6-6.4-22.4-11.2-38.4-11.2h-38.4v83.2h38.4c16 0 28.8-3.2 38.4-11.2s14.4-17.6 14.4-30.4c-1.6-12.8-6.4-24-14.4-30.4z",
          "M1008 736l-25.6-289.6c-1.6-20.8-11.2-40-27.2-56-59.2-54.4-254.4-198.4-688-198.4-22.4 0-41.6 11.2-67.2 25.6s-52.8 35.2-80 56c-27.2 20.8-51.2 43.2-70.4 64-9.6 9.6-17.6 19.2-24 28.8s-9.6 19.2-9.6 32c0 8 1.6 16 4.8 25.6s6.4 22.4 11.2 36.8c8 28.8 20.8 64 33.6 102.4 25.6 76.8 56 160 73.6 209.6 12.8 33.6 44.8 57.6 81.6 57.6h702.4c49.6 1.6 89.6-43.2 84.8-94.4zM433.6 702.4l-48-80c-3.2-6.4-6.4-11.2-11.2-16s-6.4-11.2-9.6-14.4c-3.2-3.2-6.4-6.4-11.2-8-3.2-1.6-8-3.2-12.8-3.2h-19.2v120h-70.4v-313.6h112c76.8 0 113.6 28.8 113.6 84.8 0 11.2-1.6 20.8-4.8 30.4s-8 17.6-14.4 25.6-12.8 14.4-22.4 19.2c-8 4.8-17.6 9.6-28.8 12.8v1.6c4.8 1.6 9.6 3.2 12.8 6.4s8 6.4 12.8 11.2 8 9.6 11.2 14.4 6.4 9.6 9.6 14.4l59.2 92.8h-78.4zM780.8 676.8c-20.8 17.6-48 25.6-84.8 25.6h-120v-315.2h113.6c35.2 0 62.4 6.4 80 19.2 19.2 12.8 28.8 30.4 28.8 54.4 0 17.6-6.4 32-17.6 44.8s-25.6 20.8-43.2 27.2v1.6c22.4 3.2 40 11.2 52.8 24 12.8 14.4 20.8 30.4 20.8 49.6 1.6 28.8-9.6 51.2-30.4 68.8z",
          "M355.2 441.6h-32v86.4h30.4c14.4 0 27.2-4.8 36.8-12.8 9.6-9.6 14.4-19.2 14.4-33.6-1.6-27.2-17.6-40-49.6-40z"
        ],
        "attrs": [
          {},
          {},
          {},
          {}
        ],
        "isMulticolor": false,
        "isMulticolor2": false,
        "grid": 0,
        "tags": [
          "XBOXONE_Right Bumper"
        ]
      },
      "attrs": [
        {},
        {},
        {},
        {}
      ],
      "properties": {
        "order": 21,
        "id": 6,
        "name": "XBOXONE_Right-Bumper",
        "prevSize": 32,
        "code": 122
      },
      "setIdx": 0,
      "setId": 0,
      "iconIdx": 19
    },
    {
      "icon": {
        "paths": [
          "M512 336l160-224h-320z",
          "M896 400h-768c-52.8 0-96 43.2-96 96s43.2 96 96 96h128v320h512v-320h128c52.8 0 96-43.2 96-96s-43.2-96-96-96zM596.8 828.8l-52.8-91.2c-4.8-8-9.6-16-14.4-20.8-4.8-6.4-9.6-11.2-14.4-14.4s-9.6-6.4-16-8-11.2-3.2-19.2-3.2h-22.4v136h-56v-336h110.4c16 0 30.4 1.6 43.2 6.4s25.6 9.6 35.2 17.6 17.6 17.6 22.4 28.8c4.8 11.2 8 24 8 40 0 11.2-1.6 22.4-4.8 32s-8 19.2-14.4 27.2c-6.4 8-14.4 14.4-24 19.2s-17.6 9.6-28.8 12.8v1.6c6.4 3.2 11.2 8 16 11.2s9.6 8 12.8 12.8 8 9.6 12.8 14.4 8 11.2 12.8 19.2l59.2 94.4h-65.6z",
          "M564.8 588.8c0-16-4.8-28.8-16-38.4s-24-12.8-43.2-12.8h-46.4v108.8h46.4c8 0 16-1.6 24-3.2s12.8-6.4 19.2-11.2 9.6-11.2 12.8-17.6 3.2-16 3.2-25.6z"
        ],
        "attrs": [
          {},
          {},
          {}
        ],
        "isMulticolor": false,
        "isMulticolor2": false,
        "grid": 0,
        "tags": [
          "XBOXONE_Right Stick Button"
        ]
      },
      "attrs": [
        {},
        {},
        {}
      ],
      "properties": {
        "order": 22,
        "id": 5,
        "name": "XBOXONE_Right-Stick-Button",
        "prevSize": 32,
        "code": 120
      },
      "setIdx": 0,
      "setId": 0,
      "iconIdx": 20
    },
    {
      "icon": {
        "paths": [
          "M512 128c211.2 0 384 172.8 384 384s-172.8 384-384 384-384-172.8-384-384 172.8-384 384-384zM512 32c-265.6 0-480 214.4-480 480s214.4 480 480 480 480-214.4 480-480c0-265.6-214.4-480-480-480v0z",
          "M483.2 385.6h-38.4v105.6h36.8c19.2 0 33.6-4.8 44.8-16s17.6-24 17.6-40c-1.6-33.6-20.8-49.6-60.8-49.6z",
          "M512 176c-185.6 0-336 150.4-336 336s150.4 336 336 336c185.6 0 336-150.4 336-336s-150.4-336-336-336zM579.2 702.4l-59.2-97.6c-4.8-8-8-14.4-12.8-19.2-4.8-6.4-8-11.2-12.8-14.4-4.8-4.8-8-8-12.8-9.6s-9.6-3.2-14.4-3.2h-22.4v145.6h-86.4v-382.4h136c92.8 0 139.2 35.2 139.2 104 0 12.8-1.6 25.6-6.4 36.8s-9.6 20.8-17.6 30.4-16 17.6-27.2 24c-11.2 6.4-22.4 11.2-35.2 16v1.6c6.4 1.6 11.2 4.8 16 8s11.2 8 16 14.4c4.8 4.8 9.6 11.2 14.4 17.6s8 12.8 12.8 17.6l72 112h-99.2z"
        ],
        "attrs": [
          {},
          {},
          {}
        ],
        "isMulticolor": false,
        "isMulticolor2": false,
        "grid": 0,
        "tags": [
          "XBOXONE_Right Stick"
        ]
      },
      "attrs": [
        {},
        {},
        {}
      ],
      "properties": {
        "order": 23,
        "id": 4,
        "name": "XBOXONE_Right-Stick",
        "prevSize": 32,
        "code": 99
      },
      "setIdx": 0,
      "setId": 0,
      "iconIdx": 21
    },
    {
      "icon": {
        "paths": [
          "M329.6 345.6h-32v86.4h30.4c14.4 0 27.2-4.8 36.8-12.8 9.6-9.6 14.4-19.2 14.4-33.6 0-27.2-17.6-40-49.6-40z",
          "M894.4 787.2c-24-52.8-54.4-136-65.6-241.6-14.4-137.6 12.8-248 33.6-310.4 28.8-46.4 28.8-102.4 0-137.6-22.4-28.8-56-33.6-65.6-35.2h-264c-88 0-174.4 0-262.4 0-25.6 1.6-80 9.6-116.8 51.2-22.4 24-30.4 51.2-35.2 68.8-52.8 204.8 0 379.2 0 379.2 35.2 116.8 89.6 190.4 104 209.6 19.2 24 49.6 64 104 104 80 57.6 160 78.4 208 86.4 120 0 240 0 361.6 0 8-8 27.2-32 33.6-68.8 4.8-59.2-30.4-99.2-35.2-105.6zM408 606.4l-48-80c-3.2-6.4-6.4-11.2-11.2-16-3.2-4.8-6.4-9.6-9.6-12.8s-6.4-6.4-11.2-8c-3.2-1.6-8-3.2-12.8-3.2h-19.2v120h-70.4v-313.6h112c76.8 0 113.6 28.8 113.6 84.8 0 11.2-1.6 20.8-4.8 30.4s-8 17.6-14.4 25.6-12.8 14.4-22.4 19.2c-8 4.8-17.6 9.6-28.8 12.8v1.6c4.8 1.6 9.6 3.2 12.8 6.4s8 6.4 12.8 11.2c4.8 4.8 8 9.6 11.2 14.4s6.4 9.6 9.6 14.4l59.2 92.8h-78.4zM763.2 350.4h-89.6v256h-70.4v-256h-89.6v-57.6h249.6v57.6z"
        ],
        "attrs": [
          {},
          {}
        ],
        "isMulticolor": false,
        "isMulticolor2": false,
        "grid": 0,
        "tags": [
          "XBOXONE_Right Trigger"
        ]
      },
      "attrs": [
        {},
        {}
      ],
      "properties": {
        "order": 24,
        "id": 3,
        "name": "XBOXONE_Right-Trigger",
        "prevSize": 32,
        "code": 118
      },
      "setIdx": 0,
      "setId": 0,
      "iconIdx": 22
    },
    {
      "icon": {
        "paths": [
          "M384 576h-160v-288h352v96h-64v-32h-224v160h96z",
          "M448 448v288h352v-288h-352zM736 672h-224v-160h224v160z",
          "M512 96c228.8 0 416 187.2 416 416s-187.2 416-416 416-416-187.2-416-416 187.2-416 416-416zM512 64c-248 0-448 200-448 448s200 448 448 448 448-200 448-448c0-248-200-448-448-448v0z"
        ],
        "attrs": [
          {},
          {},
          {}
        ],
        "isMulticolor": false,
        "isMulticolor2": false,
        "grid": 0,
        "tags": [
          "XBOXONE_View (Back) Outline"
        ]
      },
      "attrs": [
        {},
        {},
        {}
      ],
      "properties": {
        "order": 25,
        "id": 2,
        "name": "XBOXONE_View-(Back)-Outline",
        "prevSize": 32,
        "code": 98
      },
      "setIdx": 0,
      "setId": 0,
      "iconIdx": 23
    },
    {
      "icon": {
        "paths": [
          "M512 512h224v160h-224v-160z",
          "M512 64c-248 0-448 200-448 448s200 448 448 448 448-200 448-448c0-248-200-448-448-448zM384 576h-160v-288h352v96h-64v-32h-224v160h96v64zM800 736h-352v-288h352v288z"
        ],
        "attrs": [
          {},
          {}
        ],
        "isMulticolor": false,
        "isMulticolor2": false,
        "grid": 0,
        "tags": [
          "XBOXONE_View (Back)"
        ]
      },
      "attrs": [
        {},
        {}
      ],
      "properties": {
        "order": 26,
        "id": 1,
        "name": "XBOXONE_View-(Back)",
        "prevSize": 32,
        "code": 110
      },
      "setIdx": 0,
      "setId": 0,
      "iconIdx": 24
    },
    {
      "icon": {
        "paths": [
          "M464.469 989.719c-73.6-6.4-148.8-33.6-212.8-75.2-54.4-35.2-65.6-49.6-65.6-78.4 0-57.6 64-160 172.8-275.2 62.4-65.6 148.8-142.4 156.8-140.8 17.6 4.8 163.2 145.6 216 212.8 86.4 105.6 124.8 192 105.6 230.4-16 28.8-110.4 86.4-179.2 108.8-57.6 16-132.8 24-193.6 17.6v0zM112.469 775.319c-44.8-68.8-67.2-136-78.4-233.6-3.2-32-1.6-51.2 8-116.8 12.8-83.2 60.8-177.6 116.8-236.8 24-25.6 25.6-25.6 56-16 35.2 12.8 73.6 38.4 132.8 91.2l35.2 30.4-19.2 22.4c-88 108.8-180.8 260.8-214.4 355.2-19.2 51.2-27.2 102.4-17.6 123.2 4.8 14.4-1.6 9.6-19.2-19.2zM898.069 788.119c4.8-20.8-1.6-60.8-14.4-100.8-28.8-88-123.2-248-209.6-358.4l-27.2-35.2 30.4-27.2c38.4-35.2 65.6-57.6 94.4-75.2 20.8-12.8 54.4-25.6 68.8-25.6 8 0 40 32 64 65.6 38.4 52.8 65.6 118.4 80 185.6 9.6 43.2 9.6 137.6 1.6 180.8-6.4 35.2-22.4 81.6-35.2 113.6-11.2 24-36.8 68.8-49.6 84.8-6.4 8-6.4 8-3.2-8v0zM472.469 149.719c-40-20.8-102.4-41.6-136-48-12.8-1.6-32-3.2-44.8-3.2-28.8 1.6-27.2 0 17.6-20.8 38.4-17.6 68.8-28.8 112-36.8 48-9.6 137.6-9.6 185.6 0 51.2 11.2 110.4 33.6 145.6 54.4l9.6 6.4-22.4-1.6c-46.4-1.6-112 16-184 51.2-22.4 11.2-40 19.2-41.6 19.2-4.8-3.2-22.4-11.2-41.6-20.8z"
        ],
        "attrs": [
          {}
        ],
        "isMulticolor": false,
        "isMulticolor2": false,
        "grid": 0,
        "tags": [
          "XBOXONE_Xbox Logo"
        ]
      },
      "attrs": [
        {}
      ],
      "properties": {
        "order": 27,
        "id": 0,
        "name": "XBOXONE_Xbox-Logo",
        "prevSize": 32,
        "code": 109
      },
      "setIdx": 0,
      "setId": 0,
      "iconIdx": 25
    }
  ],
  "height": 1024,
  "metadata": {
    "name": "XBOXONE"
  },
  "preferences": {
    "showGlyphs": true,
    "showCodes": true,
    "showQuickUse": true,
    "showQuickUse2": true,
    "showSVGs": true,
    "fontPref": {
      "prefix": "icon-",
      "metadata": {
        "fontFamily": "XBOXONE",
        "majorVersion": 1,
        "minorVersion": 0
      },
      "metrics": {
        "emSize": 1024,
        "baseline": 6.25,
        "whitespace": 50
      },
      "embed": false,
      "showVersion": false
    },
    "imagePref": {
      "prefix": "icon-",
      "png": true,
      "useClassSelector": true,
      "color": 0,
      "bgColor": 16777215
    },
    "historySize": 100
  }
}