{
  "IcoMoonType": "selection",
  "icons": [
    {
      "icon": {
        "paths": [
          "M512 96c228.8 0 416 187.2 416 416s-187.2 416-416 416-416-187.2-416-416 187.2-416 416-416zM512 64c-248 0-448 200-448 448s200 448 448 448 448-200 448-448c0-248-200-448-448-448v0z",
          "M560 320h-96l-144 384h97.6l30.4-96h128l32 96h96l-144-384zM448 560l48-144h32l48 144h-128z"
        ],
        "attrs": [
          {},
          {}
        ],
        "isMulticolor": false,
        "isMulticolor2": false,
        "grid": 0,
        "tags": [
          "Steam Controller_Button A Outline"
        ]
      },
      "attrs": [
        {},
        {}
      ],
      "properties": {
        "order": 2,
        "id": 28,
        "name": "Steam-Controller_Button-A-Outline",
        "prevSize": 20,
        "code": 113
      },
      "setIdx": 0,
      "setId": 0,
      "iconIdx": 0
    },
    {
      "icon": {
        "paths": [
          "M512 64c-248 0-448 200-448 448s200 448 448 448 448-200 448-448c0-248-200-448-448-448zM608 704l-32-96h-128l-30.4 96h-97.6l144-384h96l144 384h-96z",
          "M496 416l-48 144h128l-48-144z"
        ],
        "attrs": [
          {},
          {}
        ],
        "isMulticolor": false,
        "isMulticolor2": false,
        "grid": 0,
        "tags": [
          "Steam Controller_Button A"
        ]
      },
      "attrs": [
        {},
        {}
      ],
      "properties": {
        "order": 3,
        "id": 27,
        "name": "Steam-Controller_Button-A",
        "prevSize": 20,
        "code": 119
      },
      "setIdx": 0,
      "setId": 0,
      "iconIdx": 1
    },
    {
      "icon": {
        "paths": [
          "M512 96c228.8 0 416 187.2 416 416s-187.2 416-416 416-416-187.2-416-416 187.2-416 416-416zM512 64c-248 0-448 200-448 448s200 448 448 448 448-200 448-448c0-248-200-448-448-448v0z",
          "M632 528c-16-16-38.4-27.2-65.6-30.4v-1.6c22.4-6.4 40-17.6 54.4-32 14.4-16 20.8-33.6 20.8-54.4 0-28.8-11.2-51.2-35.2-67.2-22.4-16-56-24-99.2-24h-139.2v384h147.2c43.2 0 78.4-9.6 102.4-30.4 25.6-20.8 38.4-48 38.4-83.2 0-24-8-43.2-24-60.8zM454.4 384h32c41.6 0 62.4 14.4 62.4 41.6 0 14.4-4.8 27.2-16 35.2-9.6 8-24 12.8-41.6 12.8h-38.4v-89.6zM548.8 625.6c-11.2 9.6-27.2 14.4-46.4 14.4h-46.4v-100.8h48c19.2 0 35.2 4.8 46.4 12.8s16 20.8 16 36.8c-1.6 16-6.4 28.8-17.6 36.8z"
        ],
        "attrs": [
          {},
          {}
        ],
        "isMulticolor": false,
        "isMulticolor2": false,
        "grid": 0,
        "tags": [
          "Steam Controller_Button B Outline"
        ]
      },
      "attrs": [
        {},
        {}
      ],
      "properties": {
        "order": 4,
        "id": 26,
        "name": "Steam-Controller_Button-B-Outline",
        "prevSize": 20,
        "code": 101
      },
      "setIdx": 0,
      "setId": 0,
      "iconIdx": 2
    },
    {
      "icon": {
        "paths": [
          "M550.4 462.4c9.6-8 16-20.8 16-35.2 0-28.8-20.8-41.6-62.4-41.6h-32v91.2h38.4c16-1.6 30.4-6.4 40-14.4z",
          "M564.8 552c-11.2-8-27.2-12.8-46.4-12.8h-48v100.8h46.4c19.2 0 35.2-4.8 46.4-14.4s17.6-22.4 17.6-38.4c0-14.4-4.8-25.6-16-35.2z",
          "M512 64c-248 0-448 200-448 448s200 448 448 448 448-200 448-448c0-248-200-448-448-448zM633.6 673.6c-25.6 20.8-59.2 30.4-102.4 30.4h-147.2v-384h139.2c43.2 0 75.2 8 99.2 24 22.4 16 35.2 38.4 35.2 67.2 0 20.8-6.4 38.4-20.8 54.4s-32 25.6-54.4 32v1.6c27.2 3.2 49.6 12.8 65.6 30.4 16 16 24 36.8 24 60.8-0 33.6-12.8 62.4-38.4 83.2z"
        ],
        "attrs": [
          {},
          {},
          {}
        ],
        "isMulticolor": false,
        "isMulticolor2": false,
        "grid": 0,
        "tags": [
          "Steam Controller_Button B"
        ]
      },
      "attrs": [
        {},
        {},
        {}
      ],
      "properties": {
        "order": 5,
        "id": 25,
        "name": "Steam-Controller_Button-B",
        "prevSize": 20,
        "code": 114
      },
      "setIdx": 0,
      "setId": 0,
      "iconIdx": 3
    },
    {
      "icon": {
        "paths": [
          "M512 96c228.8 0 416 187.2 416 416s-187.2 416-416 416-416-187.2-416-416 187.2-416 416-416zM512 64c-248 0-448 200-448 448s200 448 448 448 448-200 448-448c0-248-200-448-448-448v0z",
          "M688 704h-112l-64-144-64 144h-112l112-192-112-192h112l64 144 64-144h112l-112 192z"
        ],
        "attrs": [
          {},
          {}
        ],
        "isMulticolor": false,
        "isMulticolor2": false,
        "grid": 0,
        "tags": [
          "Steam Controller_Button X Outline"
        ]
      },
      "attrs": [
        {},
        {}
      ],
      "properties": {
        "order": 6,
        "id": 24,
        "name": "Steam-Controller_Button-X-Outline",
        "prevSize": 20,
        "code": 116
      },
      "setIdx": 0,
      "setId": 0,
      "iconIdx": 4
    },
    {
      "icon": {
        "paths": [
          "M512 64c-248 0-448 200-448 448s200 448 448 448 448-200 448-448c0-248-200-448-448-448zM688 704h-112l-64-144-64 144h-112l112-192-112-192h112l64 144 64-144h112l-112 192 112 192z"
        ],
        "attrs": [
          {}
        ],
        "isMulticolor": false,
        "isMulticolor2": false,
        "grid": 0,
        "tags": [
          "Steam Controller_Button X"
        ]
      },
      "attrs": [
        {}
      ],
      "properties": {
        "order": 7,
        "id": 23,
        "name": "Steam-Controller_Button-X",
        "prevSize": 20,
        "code": 121
      },
      "setIdx": 0,
      "setId": 0,
      "iconIdx": 5
    },
    {
      "icon": {
        "paths": [
          "M512 96c228.8 0 416 187.2 416 416s-187.2 416-416 416-416-187.2-416-416 187.2-416 416-416zM512 64c-248 0-448 200-448 448s200 448 448 448 448-200 448-448c0-248-200-448-448-448v0z",
          "M553.6 566.4v136h-86.4v-134.4l-121.6-246.4h97.6l60.8 142.4c1.6 3.2 3.2 12.8 8 30.4h1.6c1.6-12.8 4.8-22.4 8-30.4l62.4-142.4h91.2l-121.6 244.8z"
        ],
        "attrs": [
          {},
          {}
        ],
        "isMulticolor": false,
        "isMulticolor2": false,
        "grid": 0,
        "tags": [
          "Steam Controller_Button Y Outline"
        ]
      },
      "attrs": [
        {},
        {}
      ],
      "properties": {
        "order": 8,
        "id": 22,
        "name": "Steam-Controller_Button-Y-Outline",
        "prevSize": 20,
        "code": 117
      },
      "setIdx": 0,
      "setId": 0,
      "iconIdx": 6
    },
    {
      "icon": {
        "paths": [
          "M512 64c-248 0-448 200-448 448s200 448 448 448 448-200 448-448c0-248-200-448-448-448zM545.6 560v136h-86.4v-134.4l-121.6-246.4h97.6l60.8 142.4c1.6 3.2 3.2 12.8 8 30.4h1.6c1.6-12.8 4.8-22.4 8-30.4l62.4-142.4h91.2l-121.6 244.8z"
        ],
        "attrs": [
          {}
        ],
        "isMulticolor": false,
        "isMulticolor2": false,
        "grid": 0,
        "tags": [
          "Steam Controller_Button Y"
        ]
      },
      "attrs": [
        {}
      ],
      "properties": {
        "order": 9,
        "id": 21,
        "name": "Steam-Controller_Button-Y",
        "prevSize": 20,
        "code": 105
      },
      "setIdx": 0,
      "setId": 0,
      "iconIdx": 7
    },
    {
      "icon": {
        "paths": [
          "M512 32c264 0 480 216 480 480s-216 480-480 480-480-216-480-480 216-480 480-480zM512 0c-283.2 0-512 228.8-512 512s228.8 512 512 512 512-228.8 512-512-228.8-512-512-512v0z",
          "M832 432h-240v-240c0-44.8-36.8-80-80-80s-80 36.8-80 80v240h-240c-44.8 0-80 36.8-80 80s36.8 80 80 80h240v240c0 44.8 36.8 80 80 80s80-36.8 80-80v-240h240c44.8 0 80-36.8 80-80s-35.2-80-80-80z"
        ],
        "attrs": [
          {},
          {}
        ],
        "isMulticolor": false,
        "isMulticolor2": false,
        "grid": 0,
        "tags": [
          "Steam Controller_D-Pad Outline"
        ]
      },
      "attrs": [
        {},
        {}
      ],
      "properties": {
        "order": 10,
        "id": 20,
        "name": "Steam-Controller_D-Pad-Outline",
        "prevSize": 20,
        "code": 111
      },
      "setIdx": 0,
      "setId": 0,
      "iconIdx": 8
    },
    {
      "icon": {
        "paths": [
          "M512 0c-283.2 0-512 228.8-512 512s228.8 512 512 512 512-228.8 512-512c0-283.2-228.8-512-512-512zM832 592h-240v240c0 44.8-36.8 80-80 80s-80-36.8-80-80v-240h-240c-44.8 0-80-36.8-80-80s36.8-80 80-80h240v-240c0-44.8 36.8-80 80-80s80 36.8 80 80v240h240c44.8 0 80 36.8 80 80s-35.2 80-80 80z",
          "M432 432h160v160h-160v-160z"
        ],
        "attrs": [
          {},
          {}
        ],
        "isMulticolor": false,
        "isMulticolor2": false,
        "grid": 0,
        "tags": [
          "Steam Controller_D-Pad"
        ]
      },
      "attrs": [
        {},
        {}
      ],
      "properties": {
        "order": 11,
        "id": 19,
        "name": "Steam-Controller_D-Pad",
        "prevSize": 20,
        "code": 112
      },
      "setIdx": 0,
      "setId": 0,
      "iconIdx": 9
    },
    {
      "icon": {
        "paths": [
          "M771.2 208c48 6.4 92.8 25.6 129.6 52.8 22.4 16 57.6 41.6 76.8 89.6 19.2 44.8 16 86.4 11.2 115.2l-70.4 243.2-35.2 105.6c-67.2-11.2-136-19.2-204.8-24-32-1.6-64-3.2-94.4-3.2-24 0-48 0-70.4 1.6-24-1.6-48-1.6-70.4-1.6-32 0-64 1.6-94.4 3.2-68.8 3.2-137.6 11.2-204.8 24l-35.2-105.6-64-214.4-9.6-30.4c-4.8-27.2-8-70.4 11.2-115.2 20.8-46.4 54.4-72 76.8-89.6 36.8-27.2 81.6-44.8 129.6-52.8h518.4zM772.8 176c-86.4 0-172.8 0-259.2 0h-3.2c1.6 0 1.6 0 3.2 0-88 0-174.4 0-262.4 0-33.6 4.8-91.2 17.6-145.6 59.2-24 17.6-64 46.4-88 102.4-25.6 59.2-17.6 113.6-12.8 134.4 24 81.6 48 163.2 70.4 244.8 14.4 43.2 28.8 88 43.2 131.2 67.2-12.8 144-24 228.8-28.8 32-1.6 64-3.2 92.8-3.2 24 0 48 0 70.4 1.6 22.4-1.6 46.4-1.6 70.4-1.6 30.4 0 60.8 0 92.8 3.2 84.8 4.8 161.6 16 228.8 28.8 14.4-43.2 28.8-88 43.2-131.2 24-81.6 48-163.2 70.4-244.8 4.8-22.4 12.8-76.8-12.8-134.4-24-54.4-62.4-84.8-88-102.4-51.2-41.6-108.8-54.4-142.4-59.2v0zM512 819.2c0 0-1.6 0 0 0v0c1.6 0 0 0 0 0v0z",
          "M473.6 681.6h-198.4v-358.4h59.2v308.8h139.2v49.6z",
          "M524.8 681.6v-358.4h113.6c35.2 0 62.4 8 81.6 22.4 20.8 14.4 30.4 35.2 30.4 59.2 0 20.8-6.4 38.4-17.6 52.8s-27.2 25.6-48 32v1.6c24 3.2 44.8 11.2 59.2 27.2s22.4 35.2 22.4 60.8c0 30.4-12.8 56-36.8 75.2s-54.4 28.8-91.2 28.8h-113.6zM584 369.6v102.4h38.4c20.8 0 36.8-4.8 48-14.4s17.6-24 17.6-41.6c0-30.4-20.8-46.4-60.8-46.4h-43.2zM584 520v113.6h51.2c22.4 0 40-4.8 51.2-16 12.8-9.6 17.6-24 17.6-41.6 0-36.8-25.6-56-76.8-56h-43.2z"
        ],
        "attrs": [
          {},
          {},
          {}
        ],
        "isMulticolor": false,
        "isMulticolor2": false,
        "grid": 0,
        "tags": [
          "Steam Controller_LB Outline"
        ]
      },
      "attrs": [
        {},
        {},
        {}
      ],
      "properties": {
        "order": 12,
        "id": 18,
        "name": "Steam-Controller_LB-Outline",
        "prevSize": 20,
        "code": 97
      },
      "setIdx": 0,
      "setId": 0,
      "iconIdx": 10
    },
    {
      "icon": {
        "paths": [
          "M672 457.6c11.2-9.6 17.6-24 17.6-41.6 0-30.4-20.8-46.4-60.8-46.4h-43.2v102.4h38.4c19.2 0 35.2-4.8 48-14.4z",
          "M627.2 520h-43.2v113.6h51.2c22.4 0 40-4.8 51.2-16 12.8-9.6 17.6-24 17.6-41.6 0-36.8-25.6-56-76.8-56z",
          "M513.6 819.2c0 0-1.6 0 0 0-1.6 0-3.2 0-3.2 0h3.2z",
          "M1006.4 336c-24-54.4-62.4-84.8-88-102.4-56-40-112-54.4-145.6-59.2-86.4 0-172.8 0-259.2 0-1.6 0-1.6 0-3.2 0-86.4 0-172.8 0-259.2 0-33.6 4.8-91.2 17.6-145.6 59.2-24 17.6-64 46.4-88 102.4-25.6 59.2-17.6 113.6-12.8 134.4 24 81.6 48 163.2 70.4 244.8 14.4 43.2 28.8 88 43.2 131.2 67.2-12.8 144-24 228.8-28.8 59.2-1.6 113.6-1.6 164.8 1.6 51.2-1.6 105.6-1.6 163.2 1.6 84.8 4.8 161.6 16 228.8 28.8 14.4-43.2 28.8-88 43.2-131.2 24-81.6 48-163.2 70.4-244.8 6.4-24 14.4-78.4-11.2-137.6zM473.6 681.6h-198.4v-358.4h59.2v308.8h139.2v49.6zM731.2 652.8c-24 19.2-54.4 28.8-91.2 28.8h-115.2v-358.4h113.6c35.2 0 62.4 8 81.6 22.4 20.8 14.4 30.4 35.2 30.4 59.2 0 20.8-6.4 38.4-17.6 52.8s-27.2 25.6-48 32v1.6c24 3.2 44.8 11.2 59.2 27.2s22.4 35.2 22.4 60.8c1.6 28.8-11.2 54.4-35.2 73.6z"
        ],
        "attrs": [
          {},
          {},
          {},
          {}
        ],
        "isMulticolor": false,
        "isMulticolor2": false,
        "grid": 0,
        "tags": [
          "Steam Controller_LB"
        ]
      },
      "attrs": [
        {},
        {},
        {},
        {}
      ],
      "properties": {
        "order": 13,
        "id": 17,
        "name": "Steam-Controller_LB",
        "prevSize": 20,
        "code": 115
      },
      "setIdx": 0,
      "setId": 0,
      "iconIdx": 11
    },
    {
      "icon": {
        "paths": [
          "M246.4 64v0c17.6 0 43.2 3.2 75.2 8 17.6 1.6 36.8 4.8 60.8 8 108.8 12.8 257.6 35.2 555.2 83.2 8 1.6 30.4 4.8 40 19.2 11.2 16 25.6 52.8 3.2 76.8l-3.2 3.2-1.6 3.2c-14.4 28.8-25.6 57.6-33.6 88-14.4 51.2-19.2 104-16 158.4-3.2 54.4 3.2 107.2 16 158.4 8 30.4 19.2 60.8 33.6 88l1.6 4.8 3.2 3.2c22.4 24 8 60.8-3.2 76.8-9.6 14.4-32 17.6-40 19.2-296 46.4-444.8 70.4-555.2 83.2-22.4 3.2-43.2 4.8-60.8 8-33.6 3.2-57.6 6.4-75.2 6.4s-30.4-3.2-44.8-11.2c-56-30.4-104-97.6-139.2-198.4-17.6-44.8-27.2-121.6-30.4-238.4v0c1.6-59.2 9.6-137.6 16-171.2 9.6-52.8 41.6-211.2 150.4-265.6 11.2-4.8 20.8-8 22.4-9.6 8 0 16-1.6 25.6-1.6zM246.4 32c-12.8 0-22.4 1.6-32 3.2-3.2 0-14.4 4.8-27.2 11.2-118.4 59.2-155.2 212.8-169.6 288-6.4 33.6-14.4 115.2-17.6 177.6v0c3.2 110.4 11.2 195.2 30.4 248 30.4 83.2 78.4 174.4 155.2 216 20.8 11.2 36.8 14.4 60.8 14.4 30.4 0 70.4-6.4 140.8-14.4 110.4-12.8 259.2-36.8 556.8-83.2 14.4-1.6 44.8-8 62.4-33.6 20.8-32 32-81.6 0-116.8-11.2-22.4-22.4-49.6-30.4-83.2-16-59.2-17.6-112-16-148.8v1.6c-1.6-36.8 0-89.6 16-148.8 8-32 19.2-60.8 30.4-83.2 32-35.2 20.8-84.8 0-116.8-16-25.6-48-30.4-62.4-33.6-299.2-46.4-448-70.4-558.4-83.2-68.8-8-108.8-14.4-139.2-14.4v0z",
          "M459.2 684.8h-198.4v-358.4h59.2v308.8h139.2v49.6z",
          "M776 659.2c-36.8 20.8-78.4 30.4-124.8 30.4-52.8 0-96-16-128-49.6-33.6-33.6-49.6-76.8-49.6-131.2 0-56 17.6-100.8 54.4-136 35.2-35.2 81.6-52.8 137.6-52.8 40 0 73.6 6.4 100.8 17.6v60.8c-27.2-17.6-60.8-27.2-97.6-27.2-38.4 0-68.8 12.8-94.4 38.4-24 25.6-36.8 57.6-36.8 97.6 0 41.6 11.2 73.6 32 97.6s49.6 35.2 84.8 35.2c24 0 46.4-4.8 64-14.4v-84.8h-78.4v-49.6h134.4v168z"
        ],
        "attrs": [
          {},
          {},
          {}
        ],
        "isMulticolor": false,
        "isMulticolor2": false,
        "grid": 0,
        "tags": [
          "Steam Controller_LG Outline"
        ]
      },
      "attrs": [
        {},
        {},
        {}
      ],
      "properties": {
        "order": 14,
        "id": 16,
        "name": "Steam-Controller_LG-Outline",
        "prevSize": 20,
        "code": 100
      },
      "setIdx": 0,
      "setId": 0,
      "iconIdx": 12
    },
    {
      "icon": {
        "paths": [
          "M972.8 662.4c-16-59.2-17.6-112-16-148.8v-1.6c-1.6-36.8 0-89.6 16-148.8 8-32 19.2-60.8 30.4-83.2 32-35.2 20.8-84.8 0-116.8-16-25.6-48-30.4-62.4-33.6-296-46.4-444.8-70.4-555.2-83.2-97.6-11.2-136-19.2-172.8-11.2-3.2 0-14.4 4.8-27.2 11.2-116.8 59.2-153.6 212.8-168 288-6.4 33.6-14.4 115.2-17.6 177.6v0c3.2 110.4 11.2 195.2 30.4 248 30.4 83.2 78.4 174.4 155.2 216 46.4 25.6 78.4 14.4 201.6 0 110.4-12.8 259.2-36.8 556.8-83.2 14.4-1.6 44.8-8 62.4-33.6 20.8-32 32-81.6 0-116.8-12.8-20.8-24-48-33.6-80zM459.2 684.8h-198.4v-358.4h59.2v308.8h139.2v49.6zM776 659.2c-36.8 20.8-78.4 30.4-124.8 30.4-52.8 0-96-16-128-49.6-33.6-33.6-49.6-76.8-49.6-131.2 0-56 17.6-100.8 54.4-136 35.2-35.2 81.6-52.8 137.6-52.8 40 0 73.6 6.4 100.8 17.6v60.8c-27.2-17.6-60.8-27.2-97.6-27.2-38.4 0-68.8 12.8-94.4 38.4-24 25.6-36.8 57.6-36.8 97.6 0 41.6 11.2 73.6 32 97.6s49.6 35.2 84.8 35.2c24 0 46.4-4.8 64-14.4v-84.8h-78.4v-49.6h134.4v168z"
        ],
        "attrs": [
          {}
        ],
        "isMulticolor": false,
        "isMulticolor2": false,
        "grid": 0,
        "tags": [
          "Steam Controller_LG"
        ]
      },
      "attrs": [
        {}
      ],
      "properties": {
        "order": 15,
        "id": 15,
        "name": "Steam-Controller_LG",
        "prevSize": 20,
        "code": 102
      },
      "setIdx": 0,
      "setId": 0,
      "iconIdx": 13
    },
    {
      "icon": {
        "paths": [
          "M512 54.4v32c65.6 0 131.2 3.2 195.2 8 94.4 8 188.8 22.4 281.6 43.2-4.8 57.6-12.8 113.6-25.6 169.6-51.2 228.8-148.8 374.4-188.8 425.6-75.2 97.6-132.8 131.2-169.6 148.8-28.8 14.4-60.8 24-92.8 30.4-32-6.4-62.4-16-92.8-30.4-36.8-17.6-94.4-51.2-169.6-148.8-40-51.2-139.2-196.8-188.8-425.6-12.8-56-20.8-112-25.6-169.6 92.8-20.8 187.2-35.2 281.6-43.2 65.6-6.4 131.2-8 196.8-8v-32zM512 54.4c-72 0-139.2 3.2-198.4 8-116.8 11.2-222.4 28.8-313.6 49.6 3.2 48 9.6 118.4 28.8 201.6 56 252.8 168 403.2 195.2 438.4 80 104 144 140.8 182.4 158.4 41.6 19.2 80 28.8 105.6 33.6v0 0c25.6-4.8 64-14.4 105.6-33.6 43.2-19.2 104-57.6 182.4-158.4 27.2-35.2 139.2-185.6 195.2-438.4 19.2-83.2 25.6-153.6 28.8-201.6-91.2-20.8-196.8-38.4-313.6-49.6-70.4-6.4-136-8-198.4-8v0z",
          "M502.4 617.6h-198.4v-358.4h59.2v308.8h139.2v49.6z",
          "M753.6 308.8h-102.4v308.8h-59.2v-308.8h-102.4v-51.2h265.6v51.2z"
        ],
        "attrs": [
          {},
          {},
          {}
        ],
        "isMulticolor": false,
        "isMulticolor2": false,
        "grid": 0,
        "tags": [
          "Steam Controller_LT Outline"
        ]
      },
      "attrs": [
        {},
        {},
        {}
      ],
      "properties": {
        "order": 16,
        "id": 14,
        "name": "Steam-Controller_LT-Outline",
        "prevSize": 20,
        "code": 103
      },
      "setIdx": 0,
      "setId": 0,
      "iconIdx": 14
    },
    {
      "icon": {
        "paths": [
          "M710.4 62.4c-152-12.8-286.4-9.6-396.8 0-116.8 11.2-222.4 28.8-313.6 49.6 3.2 48 9.6 118.4 28.8 201.6 56 252.8 168 403.2 195.2 438.4 80 104 144 140.8 182.4 158.4 41.6 19.2 80 28.8 105.6 33.6 25.6-4.8 64-14.4 105.6-33.6 43.2-19.2 104-57.6 182.4-158.4 27.2-35.2 139.2-185.6 195.2-438.4 19.2-83.2 25.6-153.6 28.8-201.6-91.2-20.8-196.8-38.4-313.6-49.6zM502.4 617.6h-198.4v-358.4h59.2v308.8h139.2v49.6zM753.6 308.8h-102.4v308.8h-59.2v-308.8h-102.4v-51.2h265.6v51.2z"
        ],
        "attrs": [
          {}
        ],
        "isMulticolor": false,
        "isMulticolor2": false,
        "grid": 0,
        "tags": [
          "Steam Controller_LT"
        ]
      },
      "attrs": [
        {}
      ],
      "properties": {
        "order": 17,
        "id": 13,
        "name": "Steam-Controller_LT",
        "prevSize": 20,
        "code": 104
      },
      "setIdx": 0,
      "setId": 0,
      "iconIdx": 15
    },
    {
      "icon": {
        "paths": [
          "M992 512c0 265.097-214.903 480-480 480s-480-214.903-480-480c0-265.097 214.903-480 480-480s480 214.903 480 480z"
        ],
        "attrs": [
          {}
        ],
        "isMulticolor": false,
        "isMulticolor2": false,
        "grid": 0,
        "tags": [
          "Steam Controller_Pad"
        ]
      },
      "attrs": [
        {}
      ],
      "properties": {
        "order": 18,
        "id": 12,
        "name": "Steam-Controller_Pad",
        "prevSize": 20,
        "code": 106
      },
      "setIdx": 0,
      "setId": 0,
      "iconIdx": 16
    },
    {
      "icon": {
        "paths": [
          "M771.2 208c48 6.4 92.8 25.6 129.6 52.8 22.4 16 57.6 41.6 76.8 89.6 19.2 44.8 16 86.4 11.2 115.2l-70.4 243.2-35.2 105.6c-67.2-11.2-136-19.2-204.8-24-32-1.6-64-3.2-94.4-3.2-24 0-48 0-70.4 1.6-24-1.6-48-1.6-70.4-1.6-32 0-64 1.6-94.4 3.2-68.8 3.2-137.6 11.2-204.8 24l-35.2-105.6-73.6-244.8c-4.8-27.2-8-70.4 11.2-115.2 20.8-46.4 54.4-72 76.8-89.6 36.8-27.2 81.6-44.8 129.6-52.8h518.4zM772.8 176c-86.4 0-172.8 0-259.2 0h-3.2c1.6 0 1.6 0 3.2 0-88 0-174.4 0-262.4 0-33.6 4.8-91.2 17.6-145.6 59.2-24 17.6-64 46.4-88 102.4-25.6 59.2-17.6 113.6-12.8 134.4 24 81.6 48 163.2 70.4 244.8 14.4 43.2 28.8 88 43.2 131.2 67.2-12.8 144-24 228.8-28.8 32-1.6 64-3.2 92.8-3.2 24 0 48 0 70.4 1.6 22.4-1.6 46.4-1.6 70.4-1.6 30.4 0 60.8 0 92.8 3.2 84.8 4.8 161.6 16 228.8 28.8 14.4-43.2 28.8-88 43.2-131.2 24-81.6 48-163.2 70.4-244.8 4.8-22.4 12.8-76.8-12.8-134.4-24-54.4-62.4-84.8-88-102.4-51.2-41.6-108.8-54.4-142.4-59.2v0zM512 819.2c0 0-1.6 0 0 0v0c1.6 0 0 0 0 0v0z",
          "M516.8 681.6h-68.8l-57.6-96c-4.8-9.6-9.6-16-14.4-22.4s-9.6-11.2-14.4-16c-4.8-4.8-11.2-6.4-16-8-6.4-1.6-12.8-3.2-20.8-3.2h-24v145.6h-60.8v-358.4h118.4c17.6 0 32 1.6 46.4 6.4s27.2 9.6 36.8 17.6c11.2 8 19.2 17.6 24 30.4 6.4 12.8 9.6 25.6 9.6 41.6 0 12.8-1.6 24-6.4 35.2-3.2 11.2-9.6 20.8-16 28.8s-16 16-25.6 20.8c-9.6 6.4-20.8 9.6-33.6 12.8v1.6c6.4 3.2 12.8 8 17.6 12.8s9.6 9.6 14.4 14.4c4.8 4.8 8 9.6 12.8 16s9.6 12.8 14.4 20.8l64 99.2zM299.2 371.2v116.8h49.6c9.6 0 17.6-1.6 25.6-4.8s14.4-6.4 20.8-12.8c6.4-4.8 9.6-11.2 12.8-19.2s4.8-16 4.8-25.6c0-17.6-4.8-30.4-16-40s-27.2-14.4-46.4-14.4h-51.2z",
          "M560 681.6v-358.4h113.6c35.2 0 62.4 8 81.6 22.4 20.8 14.4 30.4 35.2 30.4 59.2 0 20.8-6.4 38.4-17.6 52.8s-27.2 25.6-48 32v1.6c24 3.2 44.8 11.2 59.2 27.2s22.4 35.2 22.4 60.8c0 30.4-12.8 56-36.8 75.2s-54.4 28.8-91.2 28.8h-113.6zM619.2 369.6v102.4h38.4c20.8 0 36.8-4.8 48-14.4s17.6-24 17.6-41.6c0-30.4-20.8-46.4-60.8-46.4h-43.2zM619.2 520v113.6h51.2c22.4 0 40-4.8 51.2-16 12.8-9.6 17.6-24 17.6-41.6 0-36.8-25.6-56-76.8-56h-43.2z"
        ],
        "attrs": [
          {},
          {},
          {}
        ],
        "isMulticolor": false,
        "isMulticolor2": false,
        "grid": 0,
        "tags": [
          "Steam Controller_RB Outline"
        ]
      },
      "attrs": [
        {},
        {},
        {}
      ],
      "properties": {
        "order": 19,
        "id": 11,
        "name": "Steam-Controller_RB-Outline",
        "prevSize": 20,
        "code": 107
      },
      "setIdx": 0,
      "setId": 0,
      "iconIdx": 17
    },
    {
      "icon": {
        "paths": [
          "M412.8 425.6c0-17.6-4.8-30.4-16-40s-27.2-14.4-46.4-14.4h-49.6v116.8h49.6c9.6 0 17.6-1.6 25.6-4.8s14.4-6.4 20.8-12.8c6.4-4.8 9.6-11.2 12.8-19.2 1.6-8 3.2-16 3.2-25.6z",
          "M513.6 819.2c0 0-1.6 0 0 0-1.6 0-3.2 0-3.2 0h3.2z",
          "M705.6 457.6c11.2-9.6 17.6-24 17.6-41.6 0-30.4-20.8-46.4-60.8-46.4h-43.2v102.4h38.4c20.8 0 36.8-4.8 48-14.4z",
          "M660.8 520h-43.2v113.6h51.2c22.4 0 40-4.8 51.2-16 12.8-9.6 17.6-24 17.6-41.6 1.6-36.8-24-56-76.8-56z",
          "M1006.4 336c-24-54.4-62.4-84.8-88-102.4-56-40-112-54.4-145.6-59.2-86.4 0-172.8 0-259.2 0-1.6 0-1.6 0-3.2 0-86.4 0-172.8 0-259.2 0-33.6 4.8-91.2 17.6-145.6 59.2-24 17.6-64 46.4-88 102.4-25.6 59.2-17.6 113.6-12.8 134.4 24 81.6 48 163.2 70.4 244.8 14.4 43.2 28.8 88 43.2 131.2 67.2-12.8 144-24 228.8-28.8 59.2-1.6 113.6-1.6 164.8 1.6 51.2-1.6 105.6-1.6 163.2 1.6 84.8 4.8 161.6 16 228.8 28.8 14.4-43.2 28.8-88 43.2-131.2 24-81.6 48-163.2 70.4-244.8 6.4-24 14.4-78.4-11.2-137.6zM448 681.6l-57.6-96c-4.8-9.6-9.6-16-14.4-22.4s-9.6-11.2-14.4-16c-4.8-4.8-11.2-6.4-16-8-6.4-1.6-12.8-3.2-20.8-3.2h-24v145.6h-60.8v-358.4h118.4c17.6 0 32 1.6 46.4 6.4s27.2 9.6 36.8 17.6c11.2 8 19.2 17.6 24 30.4 6.4 12.8 9.6 25.6 9.6 41.6 0 12.8-1.6 24-6.4 35.2-3.2 11.2-9.6 20.8-16 28.8s-16 16-25.6 20.8c-9.6 6.4-20.8 9.6-33.6 12.8v1.6c6.4 3.2 12.8 8 17.6 12.8s9.6 9.6 14.4 14.4c4.8 4.8 8 9.6 12.8 16s9.6 12.8 14.4 20.8l64 100.8h-68.8zM766.4 652.8c-24 19.2-54.4 28.8-91.2 28.8h-115.2v-358.4h113.6c35.2 0 62.4 8 81.6 22.4 20.8 14.4 30.4 35.2 30.4 59.2 0 20.8-6.4 38.4-17.6 52.8s-27.2 25.6-48 32v1.6c24 3.2 44.8 11.2 59.2 27.2s22.4 35.2 22.4 60.8c0 28.8-11.2 54.4-35.2 73.6z"
        ],
        "attrs": [
          {},
          {},
          {},
          {},
          {}
        ],
        "isMulticolor": false,
        "isMulticolor2": false,
        "grid": 0,
        "tags": [
          "Steam Controller_RB"
        ]
      },
      "attrs": [
        {},
        {},
        {},
        {},
        {}
      ],
      "properties": {
        "order": 20,
        "id": 10,
        "name": "Steam-Controller_RB",
        "prevSize": 20,
        "code": 108
      },
      "setIdx": 0,
      "setId": 0,
      "iconIdx": 18
    },
    {
      "icon": {
        "paths": [
          "M777.6 64c9.6 0 17.6 1.6 24 3.2 1.6 0 11.2 3.2 22.4 9.6 108.8 54.4 140.8 212.8 150.4 265.6 6.4 32 14.4 112 16 171.2v0c-3.2 116.8-12.8 193.6-28.8 238.4-35.2 99.2-84.8 168-139.2 198.4-16 8-27.2 11.2-44.8 11.2s-43.2-3.2-75.2-8c-17.6-1.6-36.8-4.8-60.8-8-108.8-12.8-257.6-35.2-555.2-83.2-8-1.6-30.4-4.8-40-19.2-11.2-16-25.6-52.8-3.2-76.8l3.2-3.2 1.6-4.8c14.4-28.8 25.6-57.6 33.6-88 14.4-51.2 19.2-104 16-158.4 3.2-54.4-3.2-107.2-16-158.4-8-30.4-19.2-60.8-33.6-88l-1.6-4.8-3.2-3.2c-22.4-24-8-60.8 3.2-76.8 9.6-14.4 32-17.6 40-19.2 297.6-46.4 446.4-70.4 555.2-83.2 24-3.2 43.2-4.8 60.8-8 33.6-3.2 57.6-6.4 75.2-6.4zM777.6 32c-30.4 0-70.4 6.4-140.8 14.4-108.8 12.8-257.6 36.8-555.2 83.2-14.4 1.6-44.8 8-62.4 33.6-20.8 32-32 81.6 0 116.8 11.2 22.4 22.4 49.6 30.4 83.2 16 59.2 17.6 112 16 148.8v0c1.6 36.8 0 89.6-16 148.8-8 32-19.2 60.8-30.4 83.2-32 35.2-20.8 84.8 0 116.8 16 25.6 48 30.4 62.4 33.6 297.6 46.4 446.4 70.4 556.8 83.2 70.4 8 110.4 14.4 140.8 14.4 22.4 0 40-4.8 60.8-14.4 76.8-41.6 124.8-132.8 155.2-216 19.2-54.4 27.2-139.2 30.4-248v-1.6c-3.2-62.4-11.2-142.4-17.6-176-14.4-75.2-51.2-230.4-168-288-12.8-6.4-25.6-11.2-27.2-11.2-12.8-3.2-22.4-4.8-35.2-4.8v0z",
          "M499.2 684.8h-68.8l-57.6-96c-4.8-9.6-9.6-16-14.4-22.4s-9.6-11.2-14.4-16c-4.8-4.8-11.2-6.4-16-8-6.4-1.6-12.8-3.2-20.8-3.2h-24v145.6h-59.2v-358.4h118.4c17.6 0 32 1.6 46.4 6.4s27.2 9.6 36.8 17.6c11.2 8 19.2 17.6 24 30.4 6.4 12.8 9.6 25.6 9.6 41.6 0 12.8-1.6 24-6.4 35.2-3.2 11.2-9.6 20.8-16 28.8s-16 16-25.6 20.8c-9.6 6.4-20.8 9.6-33.6 12.8v1.6c6.4 3.2 12.8 8 17.6 12.8s9.6 9.6 14.4 14.4c4.8 4.8 8 9.6 12.8 16s9.6 12.8 14.4 20.8l62.4 99.2zM280 374.4v116.8h49.6c9.6 0 17.6-1.6 25.6-4.8s14.4-6.4 20.8-12.8c6.4-4.8 9.6-11.2 12.8-19.2s4.8-16 4.8-25.6c0-17.6-4.8-30.4-16-40s-27.2-14.4-46.4-14.4h-51.2z",
          "M814.4 659.2c-36.8 20.8-78.4 30.4-124.8 30.4-52.8 0-96-16-128-49.6-33.6-33.6-49.6-76.8-49.6-131.2 0-56 17.6-100.8 54.4-136 35.2-35.2 81.6-52.8 137.6-52.8 40 0 73.6 6.4 100.8 17.6v60.8c-27.2-17.6-60.8-27.2-97.6-27.2-38.4 0-68.8 12.8-94.4 38.4-24 25.6-36.8 57.6-36.8 97.6 0 41.6 11.2 73.6 32 97.6s49.6 35.2 84.8 35.2c24 0 46.4-4.8 64-14.4v-84.8h-75.2v-49.6h134.4v168z"
        ],
        "attrs": [
          {},
          {},
          {}
        ],
        "isMulticolor": false,
        "isMulticolor2": false,
        "grid": 0,
        "tags": [
          "Steam Controller_RG Outline"
        ]
      },
      "attrs": [
        {},
        {},
        {}
      ],
      "properties": {
        "order": 21,
        "id": 9,
        "name": "Steam-Controller_RG-Outline",
        "prevSize": 20,
        "code": 122
      },
      "setIdx": 0,
      "setId": 0,
      "iconIdx": 19
    },
    {
      "icon": {
        "paths": [
          "M393.6 428.8c0-17.6-4.8-30.4-16-40s-27.2-14.4-46.4-14.4h-49.6v116.8h49.6c9.6 0 17.6-1.6 25.6-4.8s14.4-6.4 20.8-12.8c6.4-4.8 9.6-11.2 12.8-19.2 1.6-8 3.2-16 3.2-25.6z",
          "M1006.4 334.4c-14.4-75.2-51.2-230.4-168-288-12.8-6.4-25.6-11.2-27.2-11.2-35.2-9.6-75.2 0-172.8 11.2-110.4 12.8-259.2 36.8-556.8 83.2-14.4 1.6-44.8 8-62.4 33.6-20.8 32-32 81.6 0 116.8 11.2 22.4 22.4 49.6 30.4 83.2 16 59.2 17.6 112 16 148.8v0c1.6 36.8 0 89.6-16 148.8-8 32-19.2 60.8-30.4 83.2-32 35.2-20.8 84.8 0 116.8 16 25.6 48 30.4 62.4 33.6 297.6 46.4 446.4 70.4 556.8 83.2 123.2 14.4 153.6 25.6 201.6 0 76.8-41.6 124.8-132.8 155.2-216 19.2-54.4 27.2-139.2 30.4-248v-1.6c-4.8-62.4-12.8-144-19.2-177.6zM428.8 684.8l-57.6-96c-4.8-9.6-9.6-16-14.4-22.4s-9.6-11.2-14.4-16c-4.8-4.8-11.2-6.4-16-8-6.4-1.6-12.8-3.2-20.8-3.2h-24v145.6h-59.2v-358.4h118.4c17.6 0 32 1.6 46.4 6.4s27.2 9.6 36.8 17.6c11.2 8 19.2 17.6 24 30.4 6.4 12.8 9.6 25.6 9.6 41.6 0 12.8-1.6 24-6.4 35.2-3.2 11.2-9.6 20.8-16 28.8s-16 16-25.6 20.8c-9.6 6.4-20.8 9.6-33.6 12.8v1.6c6.4 3.2 12.8 8 17.6 12.8s9.6 9.6 14.4 14.4c4.8 4.8 8 9.6 12.8 16s9.6 12.8 14.4 20.8l64 100.8h-70.4zM814.4 659.2c-36.8 20.8-78.4 30.4-124.8 30.4-52.8 0-96-16-128-49.6-33.6-33.6-49.6-76.8-49.6-131.2 0-56 17.6-100.8 54.4-136 35.2-35.2 81.6-52.8 137.6-52.8 40 0 73.6 6.4 100.8 17.6v60.8c-27.2-17.6-60.8-27.2-97.6-27.2-38.4 0-68.8 12.8-94.4 38.4-24 25.6-36.8 57.6-36.8 97.6 0 41.6 11.2 73.6 32 97.6s49.6 35.2 84.8 35.2c24 0 46.4-4.8 64-14.4v-84.8h-75.2v-49.6h134.4v168z"
        ],
        "attrs": [
          {},
          {}
        ],
        "isMulticolor": false,
        "isMulticolor2": false,
        "grid": 0,
        "tags": [
          "Steam Controller_RG"
        ]
      },
      "attrs": [
        {},
        {}
      ],
      "properties": {
        "order": 22,
        "id": 8,
        "name": "Steam-Controller_RG",
        "prevSize": 20,
        "code": 120
      },
      "setIdx": 0,
      "setId": 0,
      "iconIdx": 20
    },
    {
      "icon": {
        "paths": [
          "M512 54.4v32c65.6 0 131.2 3.2 195.2 8 94.4 8 188.8 22.4 281.6 43.2-4.8 57.6-12.8 113.6-25.6 169.6-51.2 228.8-148.8 374.4-188.8 425.6-75.2 97.6-132.8 131.2-169.6 148.8-28.8 14.4-60.8 24-92.8 30.4-32-6.4-62.4-16-92.8-30.4-36.8-17.6-94.4-51.2-169.6-148.8-40-51.2-139.2-196.8-188.8-425.6-12.8-56-20.8-112-25.6-169.6 92.8-20.8 187.2-35.2 281.6-43.2 65.6-6.4 131.2-8 196.8-8v-32zM512 54.4c-72 0-139.2 3.2-198.4 8-116.8 11.2-222.4 28.8-313.6 49.6 3.2 48 9.6 118.4 28.8 201.6 56 252.8 168 403.2 195.2 438.4 80 104 144 140.8 182.4 158.4 41.6 19.2 80 28.8 105.6 33.6v0 0c25.6-4.8 64-14.4 105.6-33.6 43.2-19.2 104-57.6 182.4-158.4 27.2-35.2 139.2-185.6 195.2-438.4 19.2-83.2 25.6-153.6 28.8-201.6-91.2-20.8-196.8-38.4-313.6-49.6-70.4-6.4-136-8-198.4-8v0z",
          "M537.6 617.6h-68.8l-57.6-96c-4.8-9.6-9.6-16-14.4-22.4s-9.6-11.2-14.4-16c-4.8-4.8-11.2-6.4-16-8-6.4-1.6-12.8-3.2-20.8-3.2h-25.6v145.6h-59.2v-358.4h118.4c17.6 0 32 1.6 46.4 6.4s27.2 9.6 36.8 17.6c11.2 8 19.2 17.6 24 30.4 6.4 12.8 9.6 25.6 9.6 41.6 0 12.8-1.6 24-6.4 35.2-3.2 11.2-9.6 20.8-16 28.8s-16 16-25.6 20.8c-9.6 6.4-20.8 9.6-33.6 12.8v1.6c6.4 3.2 12.8 8 17.6 12.8s9.6 9.6 14.4 14.4c4.8 4.8 8 9.6 12.8 16s9.6 12.8 14.4 20.8l64 99.2zM320 307.2v116.8h48c9.6 0 17.6-1.6 25.6-4.8s14.4-6.4 20.8-12.8c6.4-4.8 9.6-11.2 12.8-19.2s4.8-16 4.8-25.6c0-17.6-4.8-30.4-16-40s-27.2-14.4-46.4-14.4h-49.6z",
          "M796.8 308.8h-102.4v308.8h-59.2v-308.8h-102.4v-51.2h265.6v51.2z"
        ],
        "attrs": [
          {},
          {},
          {}
        ],
        "isMulticolor": false,
        "isMulticolor2": false,
        "grid": 0,
        "tags": [
          "Steam Controller_RT Outline"
        ]
      },
      "attrs": [
        {},
        {},
        {}
      ],
      "properties": {
        "order": 23,
        "id": 7,
        "name": "Steam-Controller_RT-Outline",
        "prevSize": 20,
        "code": 99
      },
      "setIdx": 0,
      "setId": 0,
      "iconIdx": 21
    },
    {
      "icon": {
        "paths": [
          "M432 361.6c0-17.6-4.8-30.4-16-40s-27.2-14.4-46.4-14.4h-49.6v116.8h48c9.6 0 17.6-1.6 25.6-4.8s14.4-6.4 20.8-12.8c6.4-4.8 9.6-11.2 12.8-19.2s4.8-16 4.8-25.6z",
          "M710.4 62.4c-152-12.8-286.4-9.6-396.8 0-116.8 11.2-222.4 28.8-313.6 49.6 3.2 48 9.6 118.4 28.8 201.6 56 252.8 168 403.2 195.2 438.4 80 104 144 140.8 182.4 158.4 41.6 19.2 80 28.8 105.6 33.6 25.6-4.8 64-14.4 105.6-33.6 43.2-19.2 104-57.6 182.4-158.4 27.2-35.2 139.2-185.6 195.2-438.4 19.2-83.2 25.6-153.6 28.8-201.6-91.2-20.8-196.8-38.4-313.6-49.6zM467.2 617.6l-57.6-96c-4.8-9.6-9.6-16-14.4-22.4s-9.6-11.2-14.4-16c-4.8-4.8-11.2-6.4-16-8-6.4-1.6-12.8-3.2-20.8-3.2h-24v145.6h-59.2v-358.4h118.4c17.6 0 32 1.6 46.4 6.4s27.2 9.6 36.8 17.6c11.2 8 19.2 17.6 24 30.4 6.4 12.8 9.6 25.6 9.6 41.6 0 12.8-1.6 24-6.4 35.2-3.2 11.2-9.6 20.8-16 28.8s-16 16-25.6 20.8c-9.6 6.4-20.8 9.6-33.6 12.8v1.6c6.4 3.2 12.8 8 17.6 12.8s9.6 9.6 14.4 14.4c4.8 4.8 8 9.6 12.8 16s9.6 12.8 14.4 20.8l64 100.8h-70.4zM796.8 308.8h-102.4v308.8h-59.2v-308.8h-102.4v-51.2h265.6v51.2z"
        ],
        "attrs": [
          {},
          {}
        ],
        "isMulticolor": false,
        "isMulticolor2": false,
        "grid": 0,
        "tags": [
          "Steam Controller_RT"
        ]
      },
      "attrs": [
        {},
        {}
      ],
      "properties": {
        "order": 24,
        "id": 6,
        "name": "Steam-Controller_RT",
        "prevSize": 20,
        "code": 118
      },
      "setIdx": 0,
      "setId": 0,
      "iconIdx": 22
    },
    {
      "icon": {
        "paths": [
          "M832 304c88 0 160 72 160 160v96c0 88-72 160-160 160h-640c-88 0-160-72-160-160v-96c0-88 72-160 160-160h640zM832 272h-640c-105.6 0-192 86.4-192 192v96c0 105.6 86.4 192 192 192h640c105.6 0 192-86.4 192-192v-96c0-105.6-86.4-192-192-192v0z",
          "M592 624l-224-112 224-112z"
        ],
        "attrs": [
          {},
          {}
        ],
        "isMulticolor": false,
        "isMulticolor2": false,
        "grid": 0,
        "tags": [
          "Steam Controller_Select Outline"
        ]
      },
      "attrs": [
        {},
        {}
      ],
      "properties": {
        "order": 25,
        "id": 5,
        "name": "Steam-Controller_Select-Outline",
        "prevSize": 20,
        "code": 98
      },
      "setIdx": 0,
      "setId": 0,
      "iconIdx": 23
    },
    {
      "icon": {
        "paths": [
          "M832 272h-640c-105.6 0-192 86.4-192 192v96c0 105.6 86.4 192 192 192h640c105.6 0 192-86.4 192-192v-96c0-105.6-86.4-192-192-192zM592 624l-224-112 224-112v224z"
        ],
        "attrs": [
          {}
        ],
        "isMulticolor": false,
        "isMulticolor2": false,
        "grid": 0,
        "tags": [
          "Steam Controller_Select"
        ]
      },
      "attrs": [
        {}
      ],
      "properties": {
        "order": 26,
        "id": 4,
        "name": "Steam-Controller_Select",
        "prevSize": 20,
        "code": 110
      },
      "setIdx": 0,
      "setId": 0,
      "iconIdx": 24
    },
    {
      "icon": {
        "paths": [
          "M832 304c88 0 160 72 160 160v96c0 88-72 160-160 160h-640c-88 0-160-72-160-160v-96c0-88 72-160 160-160h640zM832 272h-640c-105.6 0-192 86.4-192 192v96c0 105.6 86.4 192 192 192h640c105.6 0 192-86.4 192-192v-96c0-105.6-86.4-192-192-192v0z",
          "M432 400l224 112-224 112z"
        ],
        "attrs": [
          {},
          {}
        ],
        "isMulticolor": false,
        "isMulticolor2": false,
        "grid": 0,
        "tags": [
          "Steam Controller_Start Outline"
        ]
      },
      "attrs": [
        {},
        {}
      ],
      "properties": {
        "order": 27,
        "id": 3,
        "name": "Steam-Controller_Start-Outline",
        "prevSize": 20,
        "code": 109
      },
      "setIdx": 0,
      "setId": 0,
      "iconIdx": 25
    },
    {
      "icon": {
        "paths": [
          "M0 464v96c0 105.6 86.4 192 192 192h640c105.6 0 192-86.4 192-192v-96c0-105.6-86.4-192-192-192h-640c-105.6 0-192 86.4-192 192zM432 400l224 112-224 112v-224z"
        ],
        "attrs": [
          {}
        ],
        "isMulticolor": false,
        "isMulticolor2": false,
        "grid": 0,
        "tags": [
          "Steam Controller_Start"
        ]
      },
      "attrs": [
        {}
      ],
      "properties": {
        "order": 28,
        "id": 2,
        "name": "Steam-Controller_Start",
        "prevSize": 20,
        "code": 44
      },
      "setIdx": 0,
      "setId": 0,
      "iconIdx": 26
    },
    {
      "icon": {
        "paths": [
          "M22.4 652.8c20.8 9.6 41.6 17.6 60.8 25.6 41.6 17.6 83.2 35.2 124.8 51.2 4.8 1.6 8 4.8 9.6 11.2 17.6 67.2 75.2 110.4 144 108.8 64-1.6 124.8-51.2 136-115.2 1.6-9.6 1.6-20.8 3.2-32 0-3.2 1.6-6.4 4.8-8 54.4-38.4 108.8-78.4 161.6-116.8 3.2-1.6 8-3.2 12.8-3.2 105.6-3.2 190.4-89.6 188.8-195.2 0-86.4-59.2-163.2-142.4-185.6-89.6-24-187.2 22.4-224 108.8-9.6 24-16 48-16 73.6 0 4.8-1.6 9.6-4.8 14.4-36.8 54.4-75.2 110.4-112 164.8-3.2 3.2-4.8 6.4-9.6 4.8-27.2 0-52.8 6.4-76.8 20.8-4.8 3.2-8 3.2-12.8 0-84.8-35.2-171.2-72-256-107.2-6.4-3.2-8-6.4-8-14.4 9.6-96 44.8-184 104-262.4 51.2-65.6 113.6-115.2 188.8-150.4 78.4-35.2 160-51.2 244.8-44.8 115.2 8 217.6 51.2 304 129.6 81.6 73.6 134.4 164.8 158.4 272 25.6 123.2 9.6 243.2-51.2 353.6-62.4 115.2-156.8 195.2-280 238.4-64 22.4-129.6 32-196.8 27.2-166.4-12.8-297.6-91.2-392-228.8-27.2-40-48-84.8-62.4-132.8 0-1.6 0-4.8-1.6-8z",
          "M804.8 380.8c0 72-57.6 128-129.6 128-70.4 0-124.8-59.2-124.8-131.2 0-70.4 59.2-126.4 129.6-126.4 68.8 1.6 126.4 59.2 124.8 129.6zM774.4 379.2c0-52.8-43.2-97.6-96-97.6s-96 43.2-96 96c0 52.8 43.2 97.6 96 97.6 52.8 1.6 96-41.6 96-96z",
          "M321.6 601.6c41.6-17.6 105.6-1.6 132.8 54.4 25.6 54.4 1.6 121.6-52.8 145.6-56 25.6-116.8-3.2-139.2-51.2 14.4 6.4 27.2 12.8 41.6 17.6 12.8 4.8 27.2 11.2 41.6 12.8 57.6 8 104-51.2 83.2-105.6-8-22.4-22.4-38.4-44.8-48-19.2-8-38.4-16-56-24-3.2 1.6-4.8 0-6.4-1.6z"
        ],
        "attrs": [
          {},
          {},
          {}
        ],
        "isMulticolor": false,
        "isMulticolor2": false,
        "grid": 0,
        "tags": [
          "Steam Controller_Steam Logo"
        ]
      },
      "attrs": [
        {},
        {},
        {}
      ],
      "properties": {
        "order": 29,
        "id": 1,
        "name": "Steam-Controller_Steam-Logo",
        "prevSize": 20,
        "code": 83
      },
      "setIdx": 0,
      "setId": 0,
      "iconIdx": 27
    },
    {
      "icon": {
        "paths": [
          "M512 32c-265.6 0-480 214.4-480 480s214.4 480 480 480 480-214.4 480-480c0-265.6-214.4-480-480-480zM512 896c-211.2 0-384-172.8-384-384s172.8-384 384-384 384 172.8 384 384-172.8 384-384 384z",
          "M848 512c0 185.568-150.432 336-336 336s-336-150.432-336-336c0-185.568 150.432-336 336-336s336 150.432 336 336z"
        ],
        "attrs": [
          {},
          {}
        ],
        "isMulticolor": false,
        "isMulticolor2": false,
        "grid": 0,
        "tags": [
          "Steam Controller_Stick"
        ]
      },
      "attrs": [
        {},
        {}
      ],
      "properties": {
        "order": 30,
        "id": 0,
        "name": "Steam-Controller_Stick",
        "prevSize": 20,
        "code": 45
      },
      "setIdx": 0,
      "setId": 0,
      "iconIdx": 28
    }
  ],
  "height": 1024,
  "metadata": {
    "name": "SteamController"
  },
  "preferences": {
    "showGlyphs": true,
    "showCodes": true,
    "showQuickUse": true,
    "showQuickUse2": true,
    "showSVGs": true,
    "fontPref": {
      "prefix": "icon-",
      "metadata": {
        "fontFamily": "SteamController",
        "majorVersion": 1,
        "minorVersion": 0
      },
      "metrics": {
        "emSize": 1024,
        "baseline": 6.25,
        "whitespace": 50
      },
      "embed": false
    },
    "imagePref": {
      "prefix": "icon-",
      "png": true,
      "useClassSelector": true,
      "color": 0,
      "bgColor": 16777215
    },
    "historySize": 100
  }
}