{
  "IcoMoonType": "selection",
  "icons": [
    {
      "icon": {
        "paths": [
          "M512 96c228.8 0 416 187.2 416 416s-187.2 416-416 416-416-187.2-416-416 187.2-416 416-416zM512 64c-248 0-448 200-448 448s200 448 448 448 448-200 448-448c0-248-200-448-448-448v0z",
          "M512 204.8c-169.6 0-308.8 137.6-308.8 308.8s139.2 307.2 308.8 307.2 308.8-139.2 308.8-308.8-139.2-307.2-308.8-307.2zM512 736c-123.2 0-224-100.8-224-224s100.8-224 224-224 224 100.8 224 224c0 123.2-100.8 224-224 224z"
        ],
        "attrs": [
          {},
          {}
        ],
        "isMulticolor": false,
        "isMulticolor2": false,
        "grid": 0,
        "tags": [
          "PS4_Button Circle Outline"
        ]
      },
      "attrs": [
        {},
        {}
      ],
      "properties": {
        "order": 2,
        "id": 21,
        "name": "PS4_Button-Circle-Outline",
        "prevSize": 32,
        "code": 113
      },
      "setIdx": 0,
      "setId": 0,
      "iconIdx": 0
    },
    {
      "icon": {
        "paths": [
          "M736 512c0 123.712-100.288 224-224 224s-224-100.288-224-224c0-123.712 100.288-224 224-224s224 100.288 224 224z",
          "M512 64c-248 0-448 200-448 448s200 448 448 448 448-200 448-448-200-448-448-448zM512 820.8c-169.6 0-308.8-137.6-308.8-308.8s139.2-307.2 308.8-307.2 308.8 137.6 308.8 307.2-139.2 308.8-308.8 308.8z"
        ],
        "attrs": [
          {},
          {}
        ],
        "isMulticolor": false,
        "isMulticolor2": false,
        "grid": 0,
        "tags": [
          "PS4_Button Circle"
        ]
      },
      "attrs": [
        {},
        {}
      ],
      "properties": {
        "order": 3,
        "id": 20,
        "name": "PS4_Button-Circle",
        "prevSize": 32,
        "code": 119
      },
      "setIdx": 0,
      "setId": 0,
      "iconIdx": 1
    },
    {
      "icon": {
        "paths": [
          "M758.4 310.4l-44.8-44.8-201.6 201.6-201.6-201.6-44.8 44.8 201.6 201.6-201.6 201.6 44.8 44.8 201.6-201.6 201.6 201.6 44.8-44.8-201.6-201.6z",
          "M512 96c228.8 0 416 187.2 416 416s-187.2 416-416 416-416-187.2-416-416 187.2-416 416-416zM512 64c-248 0-448 200-448 448s200 448 448 448 448-200 448-448c0-248-200-448-448-448v0z"
        ],
        "attrs": [
          {},
          {}
        ],
        "isMulticolor": false,
        "isMulticolor2": false,
        "grid": 0,
        "tags": [
          "PS4_Button Cross Outline"
        ]
      },
      "attrs": [
        {},
        {}
      ],
      "properties": {
        "order": 4,
        "id": 19,
        "name": "PS4_Button-Cross-Outline",
        "prevSize": 32,
        "code": 101
      },
      "setIdx": 0,
      "setId": 0,
      "iconIdx": 2
    },
    {
      "icon": {
        "paths": [
          "M512 64c-248 0-448 200-448 448s200 448 448 448 448-200 448-448c0-248-200-448-448-448zM758.4 713.6l-44.8 44.8-201.6-201.6-201.6 201.6-44.8-44.8 201.6-201.6-201.6-201.6 44.8-44.8 201.6 201.6 201.6-201.6 44.8 44.8-201.6 201.6 201.6 201.6z"
        ],
        "attrs": [
          {}
        ],
        "isMulticolor": false,
        "isMulticolor2": false,
        "grid": 0,
        "tags": [
          "PS4_Button Cross"
        ]
      },
      "attrs": [
        {}
      ],
      "properties": {
        "order": 5,
        "id": 18,
        "name": "PS4_Button-Cross",
        "prevSize": 32,
        "code": 114
      },
      "setIdx": 0,
      "setId": 0,
      "iconIdx": 3
    },
    {
      "icon": {
        "paths": [
          "M272 272v480h480v-480h-480zM688 688h-352v-352h352v352z",
          "M512 96c228.8 0 416 187.2 416 416s-187.2 416-416 416-416-187.2-416-416 187.2-416 416-416zM512 64c-248 0-448 200-448 448s200 448 448 448 448-200 448-448c0-248-200-448-448-448v0z"
        ],
        "attrs": [
          {},
          {}
        ],
        "isMulticolor": false,
        "isMulticolor2": false,
        "grid": 0,
        "tags": [
          "PS4_Button Square Outline"
        ]
      },
      "attrs": [
        {},
        {}
      ],
      "properties": {
        "order": 6,
        "id": 17,
        "name": "PS4_Button-Square-Outline",
        "prevSize": 32,
        "code": 116
      },
      "setIdx": 0,
      "setId": 0,
      "iconIdx": 4
    },
    {
      "icon": {
        "paths": [
          "M512 64c-248 0-448 200-448 448s200 448 448 448c248 0 448-200 448-448s-200-448-448-448zM752 752h-480v-480h480v480z",
          "M336 336h352v352h-352v-352z"
        ],
        "attrs": [
          {},
          {}
        ],
        "isMulticolor": false,
        "isMulticolor2": false,
        "grid": 0,
        "tags": [
          "PS4_Button Square"
        ]
      },
      "attrs": [
        {},
        {}
      ],
      "properties": {
        "order": 7,
        "id": 16,
        "name": "PS4_Button-Square",
        "prevSize": 32,
        "code": 121
      },
      "setIdx": 0,
      "setId": 0,
      "iconIdx": 5
    },
    {
      "icon": {
        "paths": [
          "M512 232l-280 476.8h560l-280-476.8zM512 344l168 308.8h-336l168-308.8z",
          "M512 96c228.8 0 416 187.2 416 416s-187.2 416-416 416-416-187.2-416-416 187.2-416 416-416zM512 64c-248 0-448 200-448 448s200 448 448 448 448-200 448-448c0-248-200-448-448-448v0z"
        ],
        "attrs": [
          {},
          {}
        ],
        "isMulticolor": false,
        "isMulticolor2": false,
        "grid": 0,
        "tags": [
          "PS4_Button Triangle Outline"
        ]
      },
      "attrs": [
        {},
        {}
      ],
      "properties": {
        "order": 8,
        "id": 15,
        "name": "PS4_Button-Triangle-Outline",
        "prevSize": 32,
        "code": 117
      },
      "setIdx": 0,
      "setId": 0,
      "iconIdx": 6
    },
    {
      "icon": {
        "paths": [
          "M344 652.8h336l-168-308.8z",
          "M512 64c-248 0-448 200-448 448s200 448 448 448 448-200 448-448-200-448-448-448zM232 708.8l280-476.8 280 476.8h-560z"
        ],
        "attrs": [
          {},
          {}
        ],
        "isMulticolor": false,
        "isMulticolor2": false,
        "grid": 0,
        "tags": [
          "PS4_Button Triangle"
        ]
      },
      "attrs": [
        {},
        {}
      ],
      "properties": {
        "order": 9,
        "id": 14,
        "name": "PS4_Button-Triangle",
        "prevSize": 32,
        "code": 105
      },
      "setIdx": 0,
      "setId": 0,
      "iconIdx": 7
    },
    {
      "icon": {
        "paths": [
          "M420.8 976h184c28.8 0 52.8-24 52.8-54.4v-219.2l-145.6-94.4-144 94.4v219.2c0 30.4 24 54.4 52.8 54.4z",
          "M603.2 80c11.2 0 20.8 11.2 20.8 22.4v201.6l-112 73.6-112-73.6v-201.6c0-11.2 9.6-22.4 20.8-22.4h182.4zM603.2 48h-182.4c-28.8 0-52.8 24-52.8 54.4v219.2l144 94.4 144-94.4v-219.2c0-30.4-24-54.4-52.8-54.4v0z",
          "M305.6 400l73.6 112-73.6 112h-203.2c-11.2 0-22.4-9.6-22.4-20.8v-182.4c0-11.2 11.2-20.8 22.4-20.8h203.2zM321.6 368h-219.2c-30.4 0-54.4 24-54.4 52.8v184c0 27.2 24 51.2 54.4 51.2h219.2l94.4-144-94.4-144z",
          "M921.6 400c12.8 0 22.4 9.6 22.4 20.8v184c0 11.2-11.2 20.8-22.4 20.8h-201.6l-73.6-112 73.6-112h201.6zM921.6 368h-219.2l-94.4 144 94.4 144h219.2c30.4 0 54.4-24 54.4-52.8v-182.4c0-28.8-24-52.8-54.4-52.8v0z"
        ],
        "attrs": [
          {},
          {},
          {},
          {}
        ],
        "isMulticolor": false,
        "isMulticolor2": false,
        "grid": 0,
        "tags": [
          "PS4_D-Pad Down"
        ]
      },
      "attrs": [
        {},
        {},
        {},
        {}
      ],
      "properties": {
        "order": 10,
        "id": 13,
        "name": "PS4_D-Pad-Down",
        "prevSize": 32,
        "code": 111
      },
      "setIdx": 0,
      "setId": 0,
      "iconIdx": 8
    },
    {
      "icon": {
        "paths": [
          "M48 420.8v184c0 27.2 24 51.2 54.4 51.2h219.2l94.4-144-94.4-144h-219.2c-30.4 0-54.4 24-54.4 52.8z",
          "M921.6 400c12.8 0 22.4 9.6 22.4 20.8v184c0 11.2-11.2 20.8-22.4 20.8h-201.6l-73.6-112 73.6-112h201.6zM921.6 368h-219.2l-94.4 144 94.4 144h219.2c30.4 0 54.4-24 54.4-52.8v-182.4c0-28.8-24-52.8-54.4-52.8v0z",
          "M603.2 80c11.2 0 20.8 11.2 20.8 22.4v201.6l-112 73.6-112-73.6v-201.6c0-11.2 9.6-22.4 20.8-22.4h182.4zM603.2 48h-182.4c-28.8 0-52.8 24-52.8 54.4v219.2l144 94.4 144-94.4v-219.2c0-30.4-24-54.4-52.8-54.4v0z",
          "M512 646.4l112 73.6v201.6c0 12.8-9.6 22.4-20.8 22.4h-182.4c-11.2 0-20.8-11.2-20.8-22.4v-201.6l112-73.6zM512 608l-144 94.4v219.2c0 30.4 24 54.4 52.8 54.4h184c28.8 0 52.8-24 52.8-54.4v-219.2l-145.6-94.4z"
        ],
        "attrs": [
          {},
          {},
          {},
          {}
        ],
        "isMulticolor": false,
        "isMulticolor2": false,
        "grid": 0,
        "tags": [
          "PS4_D-Pad Left"
        ]
      },
      "attrs": [
        {},
        {},
        {},
        {}
      ],
      "properties": {
        "order": 11,
        "id": 12,
        "name": "PS4_D-Pad-Left",
        "prevSize": 32,
        "code": 112
      },
      "setIdx": 0,
      "setId": 0,
      "iconIdx": 9
    },
    {
      "icon": {
        "paths": [
          "M976 603.2v-182.4c0-28.8-24-52.8-54.4-52.8h-219.2l-94.4 144 94.4 144h219.2c30.4 0 54.4-24 54.4-52.8z",
          "M305.6 400l73.6 112-73.6 112h-203.2c-11.2 0-22.4-9.6-22.4-20.8v-182.4c0-11.2 11.2-20.8 22.4-20.8h203.2zM321.6 368h-219.2c-30.4 0-54.4 24-54.4 52.8v184c0 27.2 24 51.2 54.4 51.2h219.2l94.4-144-94.4-144z",
          "M512 646.4l112 73.6v201.6c0 12.8-9.6 22.4-20.8 22.4h-182.4c-11.2 0-20.8-11.2-20.8-22.4v-201.6l112-73.6zM512 608l-144 94.4v219.2c0 30.4 24 54.4 52.8 54.4h184c28.8 0 52.8-24 52.8-54.4v-219.2l-145.6-94.4z",
          "M603.2 80c11.2 0 20.8 11.2 20.8 22.4v201.6l-112 73.6-112-73.6v-201.6c0-11.2 9.6-22.4 20.8-22.4h182.4zM603.2 48h-182.4c-28.8 0-52.8 24-52.8 54.4v219.2l144 94.4 144-94.4v-219.2c0-30.4-24-54.4-52.8-54.4v0z"
        ],
        "attrs": [
          {},
          {},
          {},
          {}
        ],
        "isMulticolor": false,
        "isMulticolor2": false,
        "grid": 0,
        "tags": [
          "PS4_D-Pad Right"
        ]
      },
      "attrs": [
        {},
        {},
        {},
        {}
      ],
      "properties": {
        "order": 12,
        "id": 11,
        "name": "PS4_D-Pad-Right",
        "prevSize": 32,
        "code": 97
      },
      "setIdx": 0,
      "setId": 0,
      "iconIdx": 10
    },
    {
      "icon": {
        "paths": [
          "M603.2 48h-182.4c-28.8 0-52.8 24-52.8 54.4v219.2l144 94.4 144-94.4v-219.2c0-30.4-24-54.4-52.8-54.4z",
          "M512 646.4l112 73.6v201.6c0 12.8-9.6 22.4-20.8 22.4h-182.4c-11.2 0-20.8-11.2-20.8-22.4v-201.6l112-73.6zM512 608l-144 94.4v219.2c0 30.4 24 54.4 52.8 54.4h184c28.8 0 52.8-24 52.8-54.4v-219.2l-145.6-94.4z",
          "M921.6 400c12.8 0 22.4 9.6 22.4 20.8v184c0 11.2-11.2 20.8-22.4 20.8h-201.6l-73.6-112 73.6-112h201.6zM921.6 368h-219.2l-94.4 144 94.4 144h219.2c30.4 0 54.4-24 54.4-52.8v-182.4c0-28.8-24-52.8-54.4-52.8v0z",
          "M305.6 400l73.6 112-73.6 112h-203.2c-11.2 0-22.4-9.6-22.4-20.8v-182.4c0-11.2 11.2-20.8 22.4-20.8h203.2zM321.6 368h-219.2c-30.4 0-54.4 24-54.4 52.8v184c0 27.2 24 51.2 54.4 51.2h219.2l94.4-144-94.4-144z"
        ],
        "attrs": [
          {},
          {},
          {},
          {}
        ],
        "isMulticolor": false,
        "isMulticolor2": false,
        "grid": 0,
        "tags": [
          "PS4_D-Pad Up"
        ]
      },
      "attrs": [
        {},
        {},
        {},
        {}
      ],
      "properties": {
        "order": 13,
        "id": 10,
        "name": "PS4_D-Pad-Up",
        "prevSize": 32,
        "code": 115
      },
      "setIdx": 0,
      "setId": 0,
      "iconIdx": 11
    },
    {
      "icon": {
        "paths": [
          "M603.2 48h-182.4c-28.8 0-52.8 24-52.8 54.4v219.2l144 94.4 144-94.4v-219.2c0-30.4-24-54.4-52.8-54.4z",
          "M420.8 976h184c28.8 0 52.8-24 52.8-54.4v-219.2l-145.6-94.4-144 94.4v219.2c0 30.4 24 54.4 52.8 54.4z",
          "M976 603.2v-182.4c0-28.8-24-52.8-54.4-52.8h-219.2l-94.4 144 94.4 144h219.2c30.4 0 54.4-24 54.4-52.8z",
          "M48 420.8v184c0 27.2 24 51.2 54.4 51.2h219.2l94.4-144-94.4-144h-219.2c-30.4 0-54.4 24-54.4 52.8z"
        ],
        "attrs": [
          {},
          {},
          {},
          {}
        ],
        "isMulticolor": false,
        "isMulticolor2": false,
        "grid": 0,
        "tags": [
          "PS4_D-Pad"
        ]
      },
      "attrs": [
        {},
        {},
        {},
        {}
      ],
      "properties": {
        "order": 14,
        "id": 9,
        "name": "PS4_D-Pad",
        "prevSize": 32,
        "code": 100
      },
      "setIdx": 0,
      "setId": 0,
      "iconIdx": 12
    },
    {
      "icon": {
        "paths": [
          "M752 208h-480c-105.6 0-192 86.4-192 192v384c0 17.6 14.4 32 32 32h800c17.6 0 32-14.4 32-32v-384c0-105.6-86.4-192-192-192zM492.8 697.6h-233.6v-377.6h80v312h153.6v65.6zM729.6 697.6h-80v-254.4l1.6-40c-12.8 12.8-22.4 22.4-27.2 25.6l-43.2 35.2-38.4-48 121.6-97.6h65.6v379.2z"
        ],
        "attrs": [
          {}
        ],
        "isMulticolor": false,
        "isMulticolor2": false,
        "grid": 0,
        "tags": [
          "PS4_L1"
        ]
      },
      "attrs": [
        {}
      ],
      "properties": {
        "order": 15,
        "id": 8,
        "name": "PS4_L1",
        "prevSize": 32,
        "code": 102
      },
      "setIdx": 0,
      "setId": 0,
      "iconIdx": 13
    },
    {
      "icon": {
        "paths": [
          "M912 208h-800c-17.6 0-32 14.4-32 32v384c0 105.6 86.4 192 192 192h480c105.6 0 192-86.4 192-192v-384c0-17.6-14.4-32-32-32zM492.8 697.6h-233.6v-377.6h80v312h153.6v65.6zM795.2 697.6h-264v-56l94.4-96c28.8-28.8 46.4-48 54.4-59.2s14.4-20.8 19.2-30.4c3.2-9.6 6.4-19.2 6.4-28.8 0-14.4-4.8-27.2-12.8-33.6-8-8-19.2-11.2-33.6-11.2s-28.8 3.2-43.2 9.6c-14.4 6.4-28.8 16-43.2 28.8l-41.6-52.8c19.2-16 33.6-27.2 46.4-33.6s25.6-11.2 40-14.4c14.4-3.2 30.4-4.8 48-4.8 24 0 44.8 4.8 62.4 12.8s32 20.8 41.6 36.8c9.6 16 14.4 33.6 14.4 52.8 0 17.6-3.2 33.6-9.6 49.6s-16 30.4-28.8 46.4-35.2 38.4-67.2 68.8l-48 46.4v3.2h164.8v65.6z"
        ],
        "attrs": [
          {}
        ],
        "isMulticolor": false,
        "isMulticolor2": false,
        "grid": 0,
        "tags": [
          "PS4_L2"
        ]
      },
      "attrs": [
        {}
      ],
      "properties": {
        "order": 16,
        "id": 7,
        "name": "PS4_L2",
        "prevSize": 32,
        "code": 103
      },
      "setIdx": 0,
      "setId": 0,
      "iconIdx": 14
    },
    {
      "icon": {
        "paths": [
          "M352 822.4c0 3.2 0 6.4 0 9.6 0 52.8 72 96 160 96s160-43.2 160-96c0-3.2 0-6.4 0-9.6-49.6 11.2-104 17.6-160 17.6s-108.8-6.4-160-17.6z",
          "M512 144c-256 0-464 144-464 320s208 320 464 320 464-144 464-320c0-176-208-320-464-320zM609.6 569.6h-179.2v-273.6h73.6v214.4h105.6v59.2z"
        ],
        "attrs": [
          {},
          {}
        ],
        "isMulticolor": false,
        "isMulticolor2": false,
        "grid": 0,
        "tags": [
          "PS4_Left Stick"
        ]
      },
      "attrs": [
        {},
        {}
      ],
      "properties": {
        "order": 17,
        "id": 6,
        "name": "PS4_Left-Stick",
        "prevSize": 32,
        "code": 104
      },
      "setIdx": 0,
      "setId": 0,
      "iconIdx": 15
    },
    {
      "icon": {
        "paths": [
          "M512 880v0c-80 0-144-64-144-144v-224c0-78.4 64-144 144-144v0c78.4 0 144 64 144 144v224c0 80-64 144-144 144z",
          "M192 217.6c0 25.6-6.4 46.4-19.2 60.8s-30.4 22.4-54.4 22.4c-24 0-41.6-8-54.4-22.4s-19.2-35.2-19.2-60.8c0-25.6 6.4-46.4 19.2-60.8s30.4-20.8 54.4-20.8c22.4 0 41.6 8 54.4 22.4s19.2 33.6 19.2 59.2zM64 217.6c0 22.4 4.8 38.4 14.4 49.6s22.4 16 40 16c17.6 0 30.4-4.8 40-16s12.8-27.2 12.8-49.6c0-20.8-4.8-38.4-12.8-49.6-9.6-11.2-22.4-16-40-16s-30.4 4.8-40 16-14.4 27.2-14.4 49.6z",
          "M329.6 184c0 16-4.8 28.8-16 36.8s-27.2 12.8-48 12.8h-19.2v62.4h-19.2v-160h41.6c40 1.6 60.8 16 60.8 48zM246.4 217.6h16c16 0 28.8-3.2 35.2-8 8-4.8 11.2-14.4 11.2-25.6s-3.2-19.2-9.6-24c-6.4-4.8-17.6-8-32-8h-20.8v65.6z",
          "M411.2 297.6h-19.2v-144h-51.2v-16h120v16h-51.2v144z",
          "M486.4 297.6v-160h19.2v160h-19.2z",
          "M688 217.6c0 25.6-6.4 46.4-19.2 60.8s-30.4 22.4-54.4 22.4c-24 0-41.6-8-54.4-22.4s-19.2-35.2-19.2-60.8c0-25.6 6.4-46.4 19.2-60.8s30.4-20.8 54.4-20.8c22.4 0 41.6 8 54.4 22.4s19.2 33.6 19.2 59.2zM560 217.6c0 22.4 4.8 38.4 14.4 49.6s22.4 16 40 16c17.6 0 30.4-4.8 40-16s12.8-27.2 12.8-49.6c0-20.8-4.8-38.4-12.8-49.6-9.6-11.2-22.4-16-40-16s-30.4 4.8-40 16-14.4 27.2-14.4 49.6z",
          "M848 297.6h-20.8l-88-134.4h-1.6c1.6 16 1.6 30.4 1.6 43.2v91.2h-17.6v-160h20.8l86.4 134.4h3.2c0-1.6 0-8-1.6-19.2 0-11.2 0-17.6 0-22.4v-92.8h17.6v160z",
          "M982.4 254.4c0 14.4-4.8 25.6-16 33.6-9.6 8-24 11.2-41.6 11.2-19.2 0-33.6-3.2-43.2-8v-17.6c6.4 3.2 14.4 4.8 20.8 6.4 8 1.6 16 3.2 22.4 3.2 12.8 0 22.4-1.6 28.8-6.4s9.6-11.2 9.6-19.2c0-4.8-1.6-9.6-3.2-14.4-1.6-3.2-6.4-6.4-11.2-9.6s-12.8-6.4-24-9.6c-14.4-4.8-25.6-11.2-32-19.2s-9.6-17.6-9.6-28.8c0-12.8 4.8-22.4 14.4-28.8 9.6-8 20.8-11.2 36.8-11.2s30.4 3.2 43.2 8l-6.4 16c-12.8-4.8-25.6-8-38.4-8-9.6 0-17.6 1.6-22.4 6.4s-8 9.6-8 17.6c0 4.8 1.6 9.6 3.2 14.4 1.6 3.2 4.8 6.4 9.6 9.6s12.8 6.4 22.4 9.6c16 6.4 28.8 12.8 35.2 19.2s9.6 14.4 9.6 25.6z"
        ],
        "attrs": [
          {},
          {},
          {},
          {},
          {},
          {},
          {},
          {}
        ],
        "isMulticolor": false,
        "isMulticolor2": false,
        "grid": 0,
        "tags": [
          "PS4_Options"
        ]
      },
      "attrs": [
        {},
        {},
        {},
        {},
        {},
        {},
        {},
        {}
      ],
      "properties": {
        "order": 18,
        "id": 5,
        "name": "PS4_Options",
        "prevSize": 32,
        "code": 106
      },
      "setIdx": 0,
      "setId": 0,
      "iconIdx": 16
    },
    {
      "icon": {
        "paths": [
          "M382.4 116.8c44.8 8 88 20.8 131.2 32 25.6 8 49.6 14.4 75.2 22.4 38.4 12.8 76.8 25.6 112 46.4 16 9.6 30.4 20.8 43.2 33.6 14.4 14.4 25.6 30.4 33.6 48 16 32 20.8 67.2 22.4 102.4 0 22.4 0 46.4-3.2 68.8-3.2 19.2-9.6 38.4-20.8 56-9.6 14.4-22.4 28.8-38.4 36.8-14.4 8-32 11.2-49.6 11.2-25.6 0-51.2-8-73.6-19.2 0-76.8 0-153.6 0-232 0-14.4 0-28.8-1.6-41.6-1.6-11.2-6.4-20.8-14.4-28.8-4.8-4.8-12.8-8-19.2-9.6-8-1.6-14.4 1.6-19.2 8-8 9.6-9.6 22.4-9.6 33.6 0 206.4 0 412.8 0 619.2-56-17.6-110.4-35.2-166.4-52.8-1.6-243.2-1.6-488-1.6-734.4z",
          "M132.8 640c72-25.6 145.6-51.2 217.6-76.8 0 28.8 0 57.6 0 84.8 0 3.2 0 8 0 11.2-57.6 20.8-115.2 41.6-171.2 60.8-8 3.2-16 6.4-22.4 12.8-3.2 3.2-4.8 6.4-3.2 11.2s6.4 8 11.2 9.6c12.8 4.8 25.6 6.4 40 6.4s30.4-1.6 44.8-4.8c9.6-1.6 19.2-4.8 28.8-9.6 24-9.6 49.6-17.6 73.6-27.2 0 24 0 48 0 72 0 4.8 0 9.6 0 14.4-32 8-62.4 11.2-92.8 11.2-60.8 1.6-123.2-8-182.4-27.2-19.2-4.8-38.4-12.8-54.4-25.6-9.6-6.4-16-16-20.8-25.6-3.2-9.6-3.2-19.2 1.6-27.2s11.2-16 19.2-20.8c17.6-12.8 38.4-22.4 57.6-30.4 17.6-8 35.2-12.8 52.8-19.2z",
          "M716.8 608c16-1.6 33.6-1.6 49.6-3.2 54.4 0 108.8 6.4 161.6 24 9.6 3.2 20.8 6.4 30.4 9.6 17.6 6.4 36.8 14.4 51.2 27.2 8 8 16 19.2 16 30.4 0 9.6-3.2 19.2-11.2 27.2-12.8 14.4-28.8 24-44.8 32-17.6 9.6-36.8 14.4-54.4 20.8-110.4 40-222.4 80-332.8 120 0-30.4 0-62.4 0-92.8 0-1.6 0-3.2 1.6-3.2 84.8-30.4 169.6-60.8 252.8-89.6 11.2-4.8 24-8 33.6-14.4 3.2-3.2 8-8 6.4-12.8s-6.4-8-11.2-9.6c-12.8-4.8-27.2-6.4-40-6.4-20.8 0-41.6 3.2-62.4 9.6-60.8 20.8-120 43.2-180.8 64 0-33.6 0-67.2 0-100.8 43.2-17.6 88-27.2 134.4-32z"
        ],
        "attrs": [
          {},
          {},
          {}
        ],
        "isMulticolor": false,
        "isMulticolor2": false,
        "grid": 0,
        "tags": [
          "PS4_Play Station Logo"
        ]
      },
      "attrs": [
        {},
        {},
        {}
      ],
      "properties": {
        "order": 19,
        "id": 4,
        "name": "PS4_Play-Station-Logo",
        "prevSize": 32,
        "code": 107
      },
      "setIdx": 0,
      "setId": 0,
      "iconIdx": 17
    },
    {
      "icon": {
        "paths": [
          "M395.2 396.8c-12.8-8-32-11.2-57.6-11.2h-24v102.4h25.6c25.6 0 44.8-4.8 56-12.8 12.8-8 17.6-22.4 17.6-40 1.6-19.2-4.8-32-17.6-38.4z",
          "M752 208h-480c-105.6 0-192 86.4-192 192v384c0 17.6 14.4 32 32 32h800c17.6 0 32-14.4 32-32v-384c0-105.6-86.4-192-192-192zM446.4 697.6l-89.6-145.6h-43.2v145.6h-80v-377.6h110.4c51.2 0 89.6 9.6 113.6 28.8s36.8 46.4 36.8 84.8c0 22.4-6.4 41.6-17.6 59.2-12.8 17.6-28.8 30.4-51.2 40 57.6 84.8 94.4 139.2 110.4 164.8h-89.6zM755.2 697.6h-80v-254.4l1.6-40c-12.8 12.8-22.4 22.4-27.2 25.6l-44.8 35.2-38.4-48 121.6-96h65.6v377.6z"
        ],
        "attrs": [
          {},
          {}
        ],
        "isMulticolor": false,
        "isMulticolor2": false,
        "grid": 0,
        "tags": [
          "PS4_R1"
        ]
      },
      "attrs": [
        {},
        {}
      ],
      "properties": {
        "order": 20,
        "id": 3,
        "name": "PS4_R1",
        "prevSize": 32,
        "code": 108
      },
      "setIdx": 0,
      "setId": 0,
      "iconIdx": 18
    },
    {
      "icon": {
        "paths": [
          "M395.2 396.8c-12.8-8-32-11.2-57.6-11.2h-24v102.4h25.6c25.6 0 44.8-4.8 56-12.8 12.8-8 17.6-22.4 17.6-40 1.6-19.2-4.8-32-17.6-38.4z",
          "M912 208h-800c-17.6 0-32 14.4-32 32v384c0 105.6 86.4 192 192 192h480c105.6 0 192-86.4 192-192v-384c0-17.6-14.4-32-32-32zM446.4 697.6l-89.6-145.6h-43.2v145.6h-80v-377.6h110.4c51.2 0 89.6 9.6 113.6 28.8s36.8 46.4 36.8 84.8c0 22.4-6.4 41.6-17.6 59.2-12.8 17.6-28.8 30.4-51.2 40 57.6 84.8 94.4 139.2 110.4 164.8h-89.6zM820.8 697.6h-264v-56l94.4-96c28.8-28.8 46.4-48 54.4-59.2s14.4-20.8 19.2-30.4c3.2-9.6 6.4-19.2 6.4-28.8 0-14.4-4.8-27.2-12.8-33.6-8-8-19.2-11.2-33.6-11.2s-28.8 3.2-43.2 9.6c-14.4 6.4-28.8 16-43.2 28.8l-43.2-52.8c19.2-16 33.6-27.2 46.4-33.6s25.6-11.2 40-14.4c14.4-3.2 30.4-4.8 48-4.8 24 0 44.8 4.8 62.4 12.8s32 20.8 41.6 36.8c9.6 16 14.4 33.6 14.4 52.8 0 17.6-3.2 33.6-9.6 49.6s-16 30.4-28.8 46.4-35.2 38.4-67.2 68.8l-48 46.4v3.2h164.8v65.6z"
        ],
        "attrs": [
          {},
          {}
        ],
        "isMulticolor": false,
        "isMulticolor2": false,
        "grid": 0,
        "tags": [
          "PS4_R2"
        ]
      },
      "attrs": [
        {},
        {}
      ],
      "properties": {
        "order": 21,
        "id": 2,
        "name": "PS4_R2",
        "prevSize": 32,
        "code": 122
      },
      "setIdx": 0,
      "setId": 0,
      "iconIdx": 19
    },
    {
      "icon": {
        "paths": [
          "M352 822.4c0 3.2 0 6.4 0 9.6 0 52.8 72 96 160 96s160-43.2 160-96c0-3.2 0-6.4 0-9.6-49.6 11.2-104 17.6-160 17.6s-108.8-6.4-160-17.6z",
          "M500.8 352h-14.4v62.4h14.4c25.6 0 38.4-11.2 38.4-33.6 0-20.8-12.8-28.8-38.4-28.8z",
          "M512 144c-256 0-464 144-464 320s208 320 464 320 464-144 464-320c0-176-208-320-464-320zM563.2 569.6l-57.6-99.2h-19.2v99.2h-73.6v-273.6h89.6c75.2 0 112 27.2 112 81.6 0 32-16 56-46.4 73.6l80 120h-84.8z"
        ],
        "attrs": [
          {},
          {},
          {}
        ],
        "isMulticolor": false,
        "isMulticolor2": false,
        "grid": 0,
        "tags": [
          "PS4_Right Stick"
        ]
      },
      "attrs": [
        {},
        {},
        {}
      ],
      "properties": {
        "order": 22,
        "id": 1,
        "name": "PS4_Right-Stick",
        "prevSize": 32,
        "code": 120
      },
      "setIdx": 0,
      "setId": 0,
      "iconIdx": 20
    },
    {
      "icon": {
        "paths": [
          "M512 880v0c-80 0-144-64-144-144v-224c0-78.4 64-144 144-144v0c78.4 0 144 64 144 144v224c0 80-64 144-144 144z",
          "M278.4 254.4c0 14.4-4.8 25.6-16 33.6-9.6 8-24 11.2-41.6 11.2-19.2 0-33.6-3.2-43.2-8v-17.6c6.4 3.2 14.4 4.8 20.8 6.4 8 1.6 16 3.2 22.4 3.2 12.8 0 22.4-1.6 28.8-6.4s9.6-11.2 9.6-19.2c0-4.8-1.6-9.6-3.2-14.4-1.6-3.2-6.4-6.4-11.2-9.6s-12.8-6.4-24-9.6c-14.4-4.8-25.6-11.2-32-19.2s-9.6-17.6-9.6-28.8c0-12.8 4.8-22.4 14.4-28.8 9.6-8 20.8-11.2 36.8-11.2s30.4 3.2 43.2 8l-6.4 16c-12.8-4.8-25.6-8-38.4-8-9.6 0-17.6 1.6-22.4 6.4s-8 9.6-8 17.6c0 4.8 1.6 9.6 3.2 14.4 1.6 3.2 4.8 6.4 9.6 9.6s12.8 6.4 22.4 9.6c16 6.4 28.8 12.8 35.2 19.2s9.6 14.4 9.6 25.6z",
          "M432 297.6h-19.2v-75.2h-84.8v75.2h-19.2v-160h19.2v68.8h84.8v-68.8h19.2v160z",
          "M576 297.6l-19.2-51.2h-64l-19.2 51.2h-19.2l64-160h16l62.4 160h-20.8zM550.4 228.8l-19.2-49.6c-3.2-6.4-4.8-14.4-8-22.4-1.6 6.4-3.2 14.4-6.4 22.4l-19.2 49.6h52.8z",
          "M636.8 230.4v67.2h-19.2v-160h43.2c19.2 0 33.6 3.2 43.2 11.2s14.4 19.2 14.4 33.6c0 20.8-11.2 35.2-32 43.2l43.2 72h-22.4l-38.4-67.2h-32zM636.8 214.4h25.6c12.8 0 22.4-3.2 28.8-8s9.6-12.8 9.6-24c0-11.2-3.2-17.6-9.6-22.4s-16-6.4-30.4-6.4h-24v60.8z",
          "M844.8 297.6h-89.6v-160h89.6v16h-70.4v51.2h65.6v16h-65.6v59.2h70.4v17.6z"
        ],
        "attrs": [
          {},
          {},
          {},
          {},
          {},
          {}
        ],
        "isMulticolor": false,
        "isMulticolor2": false,
        "grid": 0,
        "tags": [
          "PS4_Share"
        ]
      },
      "attrs": [
        {},
        {},
        {},
        {},
        {},
        {}
      ],
      "properties": {
        "order": 23,
        "id": 0,
        "name": "PS4_Share",
        "prevSize": 32,
        "code": 99
      },
      "setIdx": 0,
      "setId": 0,
      "iconIdx": 21
    }
  ],
  "height": 1024,
  "metadata": {
    "name": "PlayStation4"
  },
  "preferences": {
    "showGlyphs": true,
    "showCodes": true,
    "showQuickUse": true,
    "showQuickUse2": true,
    "showSVGs": true,
    "fontPref": {
      "prefix": "icon-",
      "metadata": {
        "fontFamily": "PlayStation4",
        "majorVersion": 1,
        "minorVersion": 0
      },
      "metrics": {
        "emSize": 1024,
        "baseline": 6.25,
        "whitespace": 50
      },
      "embed": false
    },
    "imagePref": {
      "prefix": "icon-",
      "png": true,
      "useClassSelector": true,
      "color": 0,
      "bgColor": 16777215
    },
    "historySize": 100
  }
}