{
  "IcoMoonType": "selection",
  "icons": [
    {
      "icon": {
        "paths": [
          "M928 128h-832c-52.8 0-96 43.2-96 96v576c0 52.8 43.2 96 96 96h832c52.8 0 96-43.2 96-96v-576c0-52.8-43.2-96-96-96zM363.2 404.8h-88v43.2h81.6v59.2h-81.6v52.8h88v60.8h-161.6v-275.2h163.2v59.2zM483.2 433.6c4.8 4.8 20.8 12.8 44.8 24s40 22.4 49.6 33.6 14.4 27.2 14.4 46.4c0 17.6-4.8 32-12.8 44.8s-20.8 24-36.8 30.4-36.8 11.2-59.2 11.2c-17.6 0-33.6-1.6-46.4-3.2s-25.6-6.4-38.4-12.8v-65.6c14.4 8 28.8 12.8 44.8 17.6s28.8 6.4 41.6 6.4c11.2 0 19.2-1.6 24-6.4s8-8 8-14.4c0-3.2-1.6-6.4-3.2-9.6s-4.8-6.4-9.6-8-16-8-36.8-17.6c-17.6-8-32-16-40-24s-16-16-19.2-25.6-8-25.6-8-38.4c0-25.6 9.6-44.8 27.2-59.2s43.2-20.8 75.2-20.8c28.8 0 57.6 6.4 86.4 19.2l-22.4 57.6c-25.6-11.2-48-17.6-65.6-17.6-9.6 0-16 1.6-20.8 4.8s-6.4 8-6.4 12.8c0 4.8 3.2 9.6 9.6 14.4zM760 563.2c12.8 0 24-1.6 35.2-4.8s22.4-8 33.6-12.8v62.4c-22.4 9.6-48 14.4-78.4 14.4-41.6 0-73.6-12.8-94.4-36.8s-33.6-59.2-33.6-104c0-28.8 4.8-52.8 16-75.2s25.6-38.4 46.4-49.6 43.2-17.6 70.4-17.6c30.4 0 57.6 6.4 84.8 19.2l-22.4 57.6c-9.6-4.8-20.8-8-30.4-12.8s-20.8-4.8-32-4.8c-17.6 0-32 8-41.6 22.4s-14.4 33.6-14.4 59.2c0 57.6 20.8 83.2 60.8 83.2z"
        ],
        "attrs": [
          {}
        ],
        "isMulticolor": false,
        "isMulticolor2": false,
        "grid": 0,
        "tags": [
          "Keyboard Icons-11"
        ]
      },
      "attrs": [
        {}
      ],
      "properties": {
        "order": 2,
        "id": 59,
        "name": "Keyboard-Icons-11",
        "prevSize": 32,
        "code": 88
      },
      "setIdx": 0,
      "setId": 0,
      "iconIdx": 0
    },
    {
      "icon": {
        "paths": [
          "M904 64h-784c-65.6 0-120 54.4-120 120v656c0 65.6 54.4 120 120 120h784c65.6 0 120-54.4 120-120v-656c0-65.6-54.4-120-120-120zM302.4 563.2c12.8 0 24-1.6 35.2-4.8s22.4-8 33.6-12.8v62.4c-22.4 9.6-48 14.4-78.4 14.4-41.6 0-73.6-12.8-94.4-36.8s-33.6-59.2-33.6-104c0-28.8 4.8-52.8 16-75.2s25.6-38.4 46.4-49.6 43.2-17.6 70.4-17.6c30.4 0 57.6 6.4 84.8 19.2l-22.4 57.6c-9.6-4.8-20.8-8-30.4-12.8s-20.8-4.8-32-4.8c-17.6 0-32 8-41.6 22.4s-14.4 33.6-14.4 59.2c1.6 57.6 20.8 83.2 60.8 83.2zM561.6 612.8c-9.6 4.8-19.2 8-28.8 9.6s-19.2 3.2-32 3.2c-24 0-41.6-6.4-52.8-17.6s-16-30.4-16-56v-88h-25.6v-30.4l32-22.4 19.2-44.8h48v43.2h52.8v54.4h-52.8v83.2c0 14.4 6.4 20.8 19.2 20.8 9.6 0 22.4-3.2 35.2-8v52.8zM742.4 475.2c-6.4-1.6-14.4-1.6-25.6-1.6-16 0-27.2 3.2-35.2 11.2s-11.2 17.6-11.2 32v104h-73.6v-212.8h54.4l11.2 33.6h3.2c6.4-11.2 14.4-20.8 25.6-27.2s22.4-11.2 33.6-11.2c6.4 0 12.8 0 17.6 1.6h4.8l-4.8 70.4zM851.2 620.8h-73.6v-292.8h73.6v292.8z"
        ],
        "attrs": [
          {}
        ],
        "isMulticolor": false,
        "isMulticolor2": false,
        "grid": 0,
        "tags": [
          "Keyboard Icons-01"
        ]
      },
      "attrs": [
        {}
      ],
      "properties": {
        "order": 3,
        "id": 69,
        "name": "Keyboard-Icons-01",
        "prevSize": 32,
        "code": 67
      },
      "setIdx": 0,
      "setId": 0,
      "iconIdx": 1
    },
    {
      "icon": {
        "paths": [
          "M369.6 424c-3.2-16-6.4-27.2-8-33.6-1.6 6.4-3.2 17.6-6.4 32s-11.2 43.2-22.4 86.4h57.6l-11.2-44.8c-3.2-11.2-6.4-24-9.6-40z",
          "M904 64h-784c-65.6 0-120 54.4-120 120v656c0 65.6 54.4 120 120 120h784c65.6 0 120-54.4 120-120v-656c0-65.6-54.4-120-120-120zM420.8 620.8l-12.8-51.2h-89.6l-14.4 51.2h-81.6l89.6-275.2h99.2l91.2 275.2h-81.6zM600 620.8h-73.6v-292.8h73.6v292.8zM790.4 612.8c-9.6 4.8-19.2 8-28.8 9.6s-19.2 3.2-32 3.2c-24 0-41.6-6.4-52.8-17.6s-16-30.4-16-56v-88h-25.6v-30.4l32-22.4 19.2-44.8h48v43.2h52.8v54.4h-52.8v83.2c0 14.4 6.4 20.8 19.2 20.8 9.6 0 22.4-3.2 35.2-8v52.8z"
        ],
        "attrs": [
          {},
          {}
        ],
        "isMulticolor": false,
        "isMulticolor2": false,
        "grid": 0,
        "tags": [
          "Keyboard Icons-02"
        ]
      },
      "attrs": [
        {},
        {}
      ],
      "properties": {
        "order": 4,
        "id": 68,
        "name": "Keyboard-Icons-02",
        "prevSize": 32,
        "code": 86
      },
      "setIdx": 0,
      "setId": 0,
      "iconIdx": 2
    },
    {
      "icon": {
        "paths": [
          "M920 64h-816c-57.6 0-104 46.4-104 104v688c0 57.6 46.4 104 104 104h816c57.6 0 104-46.4 104-104v-688c0-57.6-46.4-104-104-104zM734.4 480l-174.4-174.4v494.4h-48v-494.4l-174.4 174.4-33.6-33.6 233.6-233.6 233.6 233.6-36.8 33.6z"
        ],
        "attrs": [
          {}
        ],
        "isMulticolor": false,
        "isMulticolor2": false,
        "grid": 0,
        "tags": [
          "Keyboard Icons-03"
        ]
      },
      "attrs": [
        {}
      ],
      "properties": {
        "order": 5,
        "id": 67,
        "name": "Keyboard-Icons-03",
        "prevSize": 32,
        "code": 70
      },
      "setIdx": 0,
      "setId": 0,
      "iconIdx": 3
    },
    {
      "icon": {
        "paths": [
          "M920 64h-816c-57.6 0-104 46.4-104 104v688c0 57.6 46.4 104 104 104h816c57.6 0 104-46.4 104-104v-688c0-57.6-46.4-104-104-104zM800 560h-494.4l174.4 174.4-33.6 33.6-232-232 233.6-233.6 33.6 33.6-176 176h446.4v-240h48v288z"
        ],
        "attrs": [
          {}
        ],
        "isMulticolor": false,
        "isMulticolor2": false,
        "grid": 0,
        "tags": [
          "Keyboard Icons-04"
        ]
      },
      "attrs": [
        {}
      ],
      "properties": {
        "order": 6,
        "id": 66,
        "name": "Keyboard-Icons-04",
        "prevSize": 32,
        "code": 76
      },
      "setIdx": 0,
      "setId": 0,
      "iconIdx": 4
    },
    {
      "icon": {
        "paths": [
          "M920 64h-816c-57.6 0-104 46.4-104 104v688c0 57.6 46.4 104 104 104h816c57.6 0 104-46.4 104-104v-688c0-57.6-46.4-104-104-104zM800 608h-576v-192h48v144h480v-144h48v192z"
        ],
        "attrs": [
          {}
        ],
        "isMulticolor": false,
        "isMulticolor2": false,
        "grid": 0,
        "tags": [
          "Keyboard Icons-05"
        ]
      },
      "attrs": [
        {}
      ],
      "properties": {
        "order": 7,
        "id": 65,
        "name": "Keyboard-Icons-05",
        "prevSize": 32,
        "code": 78
      },
      "setIdx": 0,
      "setId": 0,
      "iconIdx": 5
    },
    {
      "icon": {
        "paths": [
          "M920 64h-816c-57.6 0-104 46.4-104 104v688c0 57.6 46.4 104 104 104h816c57.6 0 104-46.4 104-104v-688c0-57.6-46.4-104-104-104zM896 800h-480l-288-288 288-288h480v576z",
          "M435.2 752h412.8v-480h-412.8l-240 240 240 240zM470.4 408l33.6-33.6 102.4 102.4 102.4-102.4 33.6 33.6-100.8 104 102.4 102.4-33.6 33.6-102.4-102.4-102.4 102.4-33.6-33.6 102.4-102.4-104-104z"
        ],
        "attrs": [
          {},
          {}
        ],
        "isMulticolor": false,
        "isMulticolor2": false,
        "grid": 0,
        "tags": [
          "Keyboard Icons-06"
        ]
      },
      "attrs": [
        {},
        {}
      ],
      "properties": {
        "order": 8,
        "id": 64,
        "name": "Keyboard-Icons-06",
        "prevSize": 32,
        "code": 66
      },
      "setIdx": 0,
      "setId": 0,
      "iconIdx": 6
    },
    {
      "icon": {
        "paths": [
          "M896 0h-768c-70.4 0-128 57.6-128 128v768c0 70.4 57.6 128 128 128h768c70.4 0 128-57.6 128-128v-768c0-70.4-57.6-128-128-128zM841.6 694.4l-329.6-329.6-329.6 329.6-44.8-44.8 374.4-376 374.4 374.4-44.8 46.4z"
        ],
        "attrs": [
          {}
        ],
        "isMulticolor": false,
        "isMulticolor2": false,
        "grid": 0,
        "tags": [
          "Keyboard Icons-07"
        ]
      },
      "attrs": [
        {}
      ],
      "properties": {
        "order": 9,
        "id": 63,
        "name": "Keyboard-Icons-07",
        "prevSize": 32,
        "code": 87
      },
      "setIdx": 0,
      "setId": 0,
      "iconIdx": 7
    },
    {
      "icon": {
        "paths": [
          "M896 0h-768c-70.4 0-128 57.6-128 128v768c0 70.4 57.6 128 128 128h768c70.4 0 128-57.6 128-128v-768c0-70.4-57.6-128-128-128zM512 748.8l-374.4-374.4 44.8-44.8 329.6 328 329.6-329.6 44.8 44.8-374.4 376z"
        ],
        "attrs": [
          {}
        ],
        "isMulticolor": false,
        "isMulticolor2": false,
        "grid": 0,
        "tags": [
          "Keyboard Icons-08"
        ]
      },
      "attrs": [
        {}
      ],
      "properties": {
        "order": 10,
        "id": 62,
        "name": "Keyboard-Icons-08",
        "prevSize": 32,
        "code": 83
      },
      "setIdx": 0,
      "setId": 0,
      "iconIdx": 8
    },
    {
      "icon": {
        "paths": [
          "M896 0h-768c-70.4 0-128 57.6-128 128v768c0 70.4 57.6 128 128 128h768c70.4 0 128-57.6 128-128v-768c0-70.4-57.6-128-128-128zM694.4 841.6l-44.8 44.8-374.4-374.4 374.4-374.4 44.8 44.8-329.6 329.6 329.6 329.6z"
        ],
        "attrs": [
          {}
        ],
        "isMulticolor": false,
        "isMulticolor2": false,
        "grid": 0,
        "tags": [
          "Keyboard Icons-09"
        ]
      },
      "attrs": [
        {}
      ],
      "properties": {
        "order": 11,
        "id": 61,
        "name": "Keyboard-Icons-09",
        "prevSize": 32,
        "code": 65
      },
      "setIdx": 0,
      "setId": 0,
      "iconIdx": 9
    },
    {
      "icon": {
        "paths": [
          "M896 0h-768c-70.4 0-128 57.6-128 128v768c0 70.4 57.6 128 128 128h768c70.4 0 128-57.6 128-128v-768c0-70.4-57.6-128-128-128zM374.4 886.4l-44.8-44.8 329.6-329.6-329.6-329.6 44.8-44.8 374.4 374.4-374.4 374.4z"
        ],
        "attrs": [
          {}
        ],
        "isMulticolor": false,
        "isMulticolor2": false,
        "grid": 0,
        "tags": [
          "Keyboard Icons-10"
        ]
      },
      "attrs": [
        {}
      ],
      "properties": {
        "order": 12,
        "id": 60,
        "name": "Keyboard-Icons-10",
        "prevSize": 32,
        "code": 68
      },
      "setIdx": 0,
      "setId": 0,
      "iconIdx": 10
    },
    {
      "icon": {
        "paths": [
          "M928 128h-832c-52.8 0-96 43.2-96 96v576c0 52.8 43.2 96 96 96h832c52.8 0 96-43.2 96-96v-576c0-52.8-43.2-96-96-96zM488 404.8h-89.6v52.8h81.6v59.2h-81.6v102.4h-73.6v-273.6h161.6v59.2zM680 620.8h-75.2v-145.6c0-17.6 0-33.6 1.6-48-4.8 6.4-9.6 11.2-17.6 17.6l-30.4 25.6-38.4-48 94.4-76.8h67.2v275.2z"
        ],
        "attrs": [
          {}
        ],
        "isMulticolor": false,
        "isMulticolor2": false,
        "grid": 0,
        "tags": [
          "Keyboard Icons-12"
        ]
      },
      "attrs": [
        {}
      ],
      "properties": {
        "order": 13,
        "id": 58,
        "name": "Keyboard-Icons-12",
        "prevSize": 32,
        "code": 33
      },
      "setIdx": 0,
      "setId": 0,
      "iconIdx": 11
    },
    {
      "icon": {
        "paths": [
          "M928 128h-832c-52.8 0-96 43.2-96 96v576c0 52.8 43.2 96 96 96h832c52.8 0 96-43.2 96-96v-576c0-52.8-43.2-96-96-96zM488 404.8h-89.6v52.8h81.6v59.2h-81.6v102.4h-73.6v-273.6h161.6v59.2zM713.6 620.8h-198.4v-48l67.2-67.2c19.2-20.8 32-33.6 36.8-41.6s9.6-12.8 12.8-19.2 3.2-11.2 3.2-16c0-6.4-1.6-12.8-6.4-17.6s-11.2-6.4-19.2-6.4c-8 0-17.6 3.2-25.6 8s-19.2 12.8-30.4 22.4l-40-48c14.4-12.8 25.6-22.4 35.2-27.2s20.8-9.6 32-12.8 24-4.8 38.4-4.8c17.6 0 33.6 3.2 48 9.6s24 14.4 32 27.2 11.2 24 11.2 38.4c0 11.2-1.6 20.8-4.8 30.4s-6.4 17.6-12.8 27.2-12.8 17.6-22.4 27.2-28.8 28.8-59.2 56v1.6h104v60.8z"
        ],
        "attrs": [
          {}
        ],
        "isMulticolor": false,
        "isMulticolor2": false,
        "grid": 0,
        "tags": [
          "Keyboard Icons-13"
        ]
      },
      "attrs": [
        {}
      ],
      "properties": {
        "order": 14,
        "id": 57,
        "name": "Keyboard-Icons-13",
        "prevSize": 32,
        "code": 34
      },
      "setIdx": 0,
      "setId": 0,
      "iconIdx": 12
    },
    {
      "icon": {
        "paths": [
          "M928 128h-832c-52.8 0-96 43.2-96 96v576c0 52.8 43.2 96 96 96h832c52.8 0 96-43.2 96-96v-576c0-52.8-43.2-96-96-96zM488 404.8h-89.6v52.8h81.6v59.2h-81.6v102.4h-73.6v-273.6h161.6v59.2zM681.6 601.6c-20.8 14.4-48 22.4-84.8 22.4-14.4 0-28.8-1.6-41.6-3.2s-25.6-6.4-40-11.2v-60.8c12.8 6.4 24 11.2 36.8 12.8s24 4.8 35.2 4.8c16 0 28.8-1.6 35.2-6.4s11.2-11.2 11.2-20.8c0-8-1.6-12.8-6.4-17.6s-9.6-6.4-19.2-9.6-19.2-3.2-33.6-3.2h-17.6v-56h19.2c38.4 0 56-9.6 56-28.8 0-8-3.2-12.8-8-16s-12.8-4.8-22.4-4.8c-17.6 0-35.2 6.4-54.4 17.6l-30.4-49.6c14.4-9.6 28.8-17.6 44.8-20.8s32-6.4 52.8-6.4c28.8 0 51.2 6.4 67.2 17.6s24 27.2 24 46.4c0 17.6-4.8 32-16 43.2s-25.6 20.8-44.8 27.2v1.6c46.4 6.4 68.8 27.2 68.8 65.6-1.6 22.4-11.2 41.6-32 56z"
        ],
        "attrs": [
          {}
        ],
        "isMulticolor": false,
        "isMulticolor2": false,
        "grid": 0,
        "tags": [
          "Keyboard Icons-14"
        ]
      },
      "attrs": [
        {}
      ],
      "properties": {
        "order": 15,
        "id": 56,
        "name": "Keyboard-Icons-14",
        "prevSize": 32,
        "code": 183
      },
      "setIdx": 0,
      "setId": 0,
      "iconIdx": 13
    },
    {
      "icon": {
        "paths": [
          "M604.8 467.2l-30.4 44.8h44.8v-32c0-6.4 0-14.4 0-24s0-16 1.6-16h-1.6c-4.8 9.6-9.6 17.6-14.4 27.2z",
          "M928 128h-832c-52.8 0-96 43.2-96 96v576c0 52.8 43.2 96 96 96h832c52.8 0 96-43.2 96-96v-576c0-52.8-43.2-96-96-96zM488 404.8h-89.6v52.8h81.6v59.2h-81.6v102.4h-73.6v-273.6h161.6v59.2zM721.6 568h-30.4v52.8h-73.6v-52.8h-108.8v-54.4l115.2-168h68.8v166.4h30.4v56z"
        ],
        "attrs": [
          {},
          {}
        ],
        "isMulticolor": false,
        "isMulticolor2": false,
        "grid": 0,
        "tags": [
          "Keyboard Icons-15"
        ]
      },
      "attrs": [
        {},
        {}
      ],
      "properties": {
        "order": 16,
        "id": 55,
        "name": "Keyboard-Icons-15",
        "prevSize": 32,
        "code": 36
      },
      "setIdx": 0,
      "setId": 0,
      "iconIdx": 14
    },
    {
      "icon": {
        "paths": [
          "M928 128h-832c-52.8 0-96 43.2-96 96v576c0 52.8 43.2 96 96 96h832c52.8 0 96-43.2 96-96v-576c0-52.8-43.2-96-96-96zM488 404.8h-89.6v52.8h81.6v59.2h-81.6v102.4h-73.6v-273.6h161.6v59.2zM683.2 600c-19.2 16-46.4 24-83.2 24-32 0-57.6-4.8-78.4-14.4v-60.8c11.2 4.8 22.4 9.6 36.8 12.8s25.6 4.8 35.2 4.8c14.4 0 24-3.2 32-8s11.2-14.4 11.2-25.6c0-11.2-3.2-19.2-11.2-24s-19.2-9.6-33.6-9.6c-11.2 0-24 1.6-38.4 6.4l-27.2-12.8 9.6-144h156.8v62.4h-92.8l-3.2 36.8c9.6-1.6 16-3.2 20.8-3.2s8 0 11.2 0c16 0 30.4 3.2 43.2 11.2s22.4 17.6 30.4 30.4 11.2 28.8 11.2 46.4c-3.2 27.2-12.8 49.6-30.4 67.2z"
        ],
        "attrs": [
          {}
        ],
        "isMulticolor": false,
        "isMulticolor2": false,
        "grid": 0,
        "tags": [
          "Keyboard Icons-16"
        ]
      },
      "attrs": [
        {}
      ],
      "properties": {
        "order": 17,
        "id": 54,
        "name": "Keyboard-Icons-16",
        "prevSize": 32,
        "code": 37
      },
      "setIdx": 0,
      "setId": 0,
      "iconIdx": 15
    },
    {
      "icon": {
        "paths": [
          "M928 128h-832c-52.8 0-96 43.2-96 96v576c0 52.8 43.2 96 96 96h832c52.8 0 96-43.2 96-96v-576c0-52.8-43.2-96-96-96zM488 404.8h-89.6v52.8h81.6v59.2h-81.6v102.4h-73.6v-273.6h161.6v59.2zM691.2 598.4c-17.6 17.6-40 25.6-72 25.6s-57.6-11.2-75.2-32-27.2-49.6-27.2-88c0-38.4 4.8-68.8 16-92.8s27.2-41.6 48-52.8 48-17.6 78.4-17.6c11.2 0 24 1.6 38.4 3.2v57.6c-11.2 0-25.6-1.6-40-1.6-24 0-43.2 4.8-56 16s-19.2 28.8-19.2 52.8h1.6c11.2-20.8 28.8-32 54.4-32 24 0 43.2 8 56 24s20.8 36.8 20.8 65.6c1.6 30.4-8 54.4-24 72z",
          "M619.2 494.4c-8 0-16 3.2-20.8 8s-8 12.8-8 20.8c0 12.8 3.2 22.4 8 28.8s11.2 11.2 20.8 11.2c8 0 14.4-3.2 19.2-9.6s8-16 8-28.8c-1.6-19.2-11.2-30.4-27.2-30.4z"
        ],
        "attrs": [
          {},
          {}
        ],
        "isMulticolor": false,
        "isMulticolor2": false,
        "grid": 0,
        "tags": [
          "Keyboard Icons-17"
        ]
      },
      "attrs": [
        {},
        {}
      ],
      "properties": {
        "order": 18,
        "id": 53,
        "name": "Keyboard-Icons-17",
        "prevSize": 32,
        "code": 38
      },
      "setIdx": 0,
      "setId": 0,
      "iconIdx": 16
    },
    {
      "icon": {
        "paths": [
          "M928 128h-832c-52.8 0-96 43.2-96 96v576c0 52.8 43.2 96 96 96h832c52.8 0 96-43.2 96-96v-576c0-52.8-43.2-96-96-96zM488 404.8h-89.6v52.8h81.6v59.2h-81.6v102.4h-73.6v-273.6h161.6v59.2zM715.2 390.4l-96 230.4h-76.8l94.4-212.8h-118.4v-60.8h198.4v43.2z"
        ],
        "attrs": [
          {}
        ],
        "isMulticolor": false,
        "isMulticolor2": false,
        "grid": 0,
        "tags": [
          "Keyboard Icons-18"
        ]
      },
      "attrs": [
        {}
      ],
      "properties": {
        "order": 19,
        "id": 52,
        "name": "Keyboard-Icons-18",
        "prevSize": 32,
        "code": 47
      },
      "setIdx": 0,
      "setId": 0,
      "iconIdx": 17
    },
    {
      "icon": {
        "paths": [
          "M614.4 508.8c-11.2 6.4-19.2 11.2-24 17.6s-8 12.8-8 19.2c0 8 3.2 14.4 8 19.2s12.8 6.4 22.4 6.4c22.4 0 33.6-8 33.6-24 0-6.4-3.2-12.8-8-17.6s-11.2-14.4-24-20.8z",
          "M614.4 444.8c9.6-4.8 14.4-9.6 17.6-14.4s4.8-9.6 4.8-14.4c0-6.4-1.6-11.2-6.4-14.4s-9.6-4.8-16-4.8c-6.4 0-11.2 1.6-16 4.8s-6.4 8-6.4 14.4c1.6 9.6 8 19.2 22.4 28.8z",
          "M928 128h-832c-52.8 0-96 43.2-96 96v576c0 52.8 43.2 96 96 96h832c52.8 0 96-43.2 96-96v-576c0-52.8-43.2-96-96-96zM488 404.8h-89.6v52.8h81.6v59.2h-81.6v102.4h-73.6v-273.6h161.6v59.2zM689.6 603.2c-17.6 14.4-43.2 20.8-73.6 20.8-32 0-57.6-6.4-73.6-19.2s-25.6-32-25.6-56c0-16 3.2-28.8 11.2-40s20.8-20.8 38.4-30.4c-14.4-9.6-25.6-20.8-32-32s-9.6-24-9.6-36.8c0-20.8 8-36.8 24-49.6s38.4-17.6 67.2-17.6 51.2 6.4 67.2 17.6 24 28.8 24 49.6c0 14.4-3.2 27.2-11.2 38.4s-19.2 20.8-35.2 28.8c20.8 11.2 35.2 22.4 43.2 35.2s12.8 24 12.8 36.8c-1.6 22.4-9.6 41.6-27.2 54.4z"
        ],
        "attrs": [
          {},
          {},
          {}
        ],
        "isMulticolor": false,
        "isMulticolor2": false,
        "grid": 0,
        "tags": [
          "Keyboard Icons-19"
        ]
      },
      "attrs": [
        {},
        {},
        {}
      ],
      "properties": {
        "order": 20,
        "id": 51,
        "name": "Keyboard-Icons-19",
        "prevSize": 32,
        "code": 40
      },
      "setIdx": 0,
      "setId": 0,
      "iconIdx": 18
    },
    {
      "icon": {
        "paths": [
          "M612.8 403.2c-8 0-14.4 3.2-19.2 9.6s-8 16-8 28.8c0 9.6 1.6 19.2 6.4 24s11.2 9.6 20.8 9.6c8 0 14.4-3.2 20.8-9.6s9.6-12.8 9.6-20.8c0-11.2-3.2-20.8-8-28.8s-14.4-12.8-22.4-12.8z",
          "M928 128h-832c-52.8 0-96 43.2-96 96v576c0 52.8 43.2 96 96 96h832c52.8 0 96-43.2 96-96v-576c0-52.8-43.2-96-96-96zM488 404.8h-89.6v52.8h81.6v59.2h-81.6v102.4h-73.6v-273.6h161.6v59.2zM680 588.8c-22.4 24-60.8 36.8-110.4 36.8-16 0-28.8 0-38.4-1.6v-59.2c11.2 1.6 20.8 3.2 32 3.2 27.2 0 46.4-4.8 60.8-16s22.4-28.8 24-51.2h-1.6c-4.8 9.6-9.6 16-14.4 19.2s-11.2 6.4-17.6 9.6-16 3.2-25.6 3.2c-24 0-41.6-8-56-24s-20.8-38.4-20.8-65.6c0-30.4 8-54.4 25.6-72s41.6-25.6 70.4-25.6c33.6 0 59.2 11.2 78.4 33.6s27.2 54.4 27.2 94.4c1.6 51.2-9.6 91.2-33.6 115.2z"
        ],
        "attrs": [
          {},
          {}
        ],
        "isMulticolor": false,
        "isMulticolor2": false,
        "grid": 0,
        "tags": [
          "Keyboard Icons-20"
        ]
      },
      "attrs": [
        {},
        {}
      ],
      "properties": {
        "order": 21,
        "id": 50,
        "name": "Keyboard-Icons-20",
        "prevSize": 32,
        "code": 41
      },
      "setIdx": 0,
      "setId": 0,
      "iconIdx": 19
    },
    {
      "icon": {
        "paths": [
          "M728 401.6c-9.6 0-16 6.4-19.2 17.6s-6.4 33.6-6.4 64c0 30.4 1.6 52.8 6.4 64s9.6 17.6 19.2 17.6c9.6 0 16-6.4 19.2-17.6s6.4-33.6 6.4-64c0-30.4-1.6-51.2-6.4-64s-9.6-17.6-19.2-17.6z",
          "M928 128h-832c-52.8 0-96 43.2-96 96v576c0 52.8 43.2 96 96 96h832c52.8 0 96-43.2 96-96v-576c0-52.8-43.2-96-96-96zM374.4 404.8h-89.6v52.8h83.2v59.2h-81.6v102.4h-73.6v-273.6h161.6v59.2zM566.4 620.8h-75.2v-145.6c0-17.6 0-33.6 1.6-48-4.8 6.4-9.6 11.2-17.6 17.6l-30.4 25.6-38.4-48 94.4-76.8h67.2v275.2zM803.2 590.4c-16 22.4-41.6 33.6-75.2 33.6-32 0-57.6-11.2-73.6-35.2s-25.6-59.2-25.6-105.6c0-48 8-84.8 24-107.2s41.6-33.6 75.2-33.6c32 0 57.6 11.2 73.6 35.2s25.6 59.2 25.6 105.6c0 49.6-8 84.8-24 107.2z"
        ],
        "attrs": [
          {},
          {}
        ],
        "isMulticolor": false,
        "isMulticolor2": false,
        "grid": 0,
        "tags": [
          "Keyboard Icons-21"
        ]
      },
      "attrs": [
        {},
        {}
      ],
      "properties": {
        "order": 22,
        "id": 49,
        "name": "Keyboard-Icons-21",
        "prevSize": 32,
        "code": 61
      },
      "setIdx": 0,
      "setId": 0,
      "iconIdx": 20
    },
    {
      "icon": {
        "paths": [
          "M928 128h-832c-52.8 0-96 43.2-96 96v576c0 52.8 43.2 96 96 96h832c52.8 0 96-43.2 96-96v-576c0-52.8-43.2-96-96-96zM374.4 404.8h-89.6v52.8h83.2v59.2h-81.6v102.4h-73.6v-273.6h161.6v59.2zM566.4 620.8h-75.2v-145.6c0-17.6 0-33.6 1.6-48-4.8 6.4-9.6 11.2-17.6 17.6l-30.4 25.6-38.4-48 94.4-76.8h67.2v275.2zM792 620.8h-75.2v-145.6c0-17.6 0-33.6 1.6-48-4.8 6.4-9.6 11.2-17.6 17.6l-30.4 25.6-38.4-48 94.4-76.8h67.2v275.2z"
        ],
        "attrs": [
          {}
        ],
        "isMulticolor": false,
        "isMulticolor2": false,
        "grid": 0,
        "tags": [
          "Keyboard Icons-22"
        ]
      },
      "attrs": [
        {}
      ],
      "properties": {
        "order": 23,
        "id": 48,
        "name": "Keyboard-Icons-22",
        "prevSize": 32,
        "code": 63
      },
      "setIdx": 0,
      "setId": 0,
      "iconIdx": 21
    },
    {
      "icon": {
        "paths": [
          "M928 128h-832c-52.8 0-96 43.2-96 96v576c0 52.8 43.2 96 96 96h832c52.8 0 96-43.2 96-96v-576c0-52.8-43.2-96-96-96zM374.4 404.8h-89.6v52.8h83.2v59.2h-81.6v102.4h-73.6v-273.6h161.6v59.2zM566.4 620.8h-75.2v-145.6c0-17.6 0-33.6 1.6-48-4.8 6.4-9.6 11.2-17.6 17.6l-30.4 25.6-38.4-48 94.4-76.8h67.2v275.2zM825.6 620.8h-198.4v-48l67.2-67.2c19.2-20.8 32-33.6 36.8-41.6s9.6-12.8 12.8-19.2 3.2-11.2 3.2-16c0-6.4-1.6-12.8-6.4-17.6s-11.2-6.4-19.2-6.4c-8 0-17.6 3.2-25.6 8s-19.2 12.8-30.4 22.4l-40-48c14.4-12.8 25.6-22.4 35.2-27.2s20.8-9.6 32-12.8 24-4.8 38.4-4.8c17.6 0 33.6 3.2 48 9.6s24 14.4 32 27.2 11.2 24 11.2 38.4c0 11.2-1.6 20.8-4.8 30.4s-6.4 17.6-12.8 27.2-12.8 17.6-22.4 27.2-28.8 28.8-59.2 56v1.6h104v60.8z"
        ],
        "attrs": [
          {}
        ],
        "isMulticolor": false,
        "isMulticolor2": false,
        "grid": 0,
        "tags": [
          "Keyboard Icons-23"
        ]
      },
      "attrs": [
        {}
      ],
      "properties": {
        "order": 24,
        "id": 47,
        "name": "Keyboard-Icons-23",
        "prevSize": 32,
        "code": 191
      },
      "setIdx": 0,
      "setId": 0,
      "iconIdx": 22
    },
    {
      "icon": {
        "paths": [
          "M928 128h-832c-52.8 0-96 43.2-96 96v576c0 52.8 43.2 96 96 96h832c52.8 0 96-43.2 96-96v-576c0-52.8-43.2-96-96-96zM596.8 656h-100.8v-193.6c0-24 0-44.8 1.6-64-6.4 8-14.4 16-22.4 24l-41.6 33.6-51.2-62.4 124.8-102.4h89.6v364.8z"
        ],
        "attrs": [
          {}
        ],
        "isMulticolor": false,
        "isMulticolor2": false,
        "grid": 0,
        "tags": [
          "Keyboard Icons-24"
        ]
      },
      "attrs": [
        {}
      ],
      "properties": {
        "order": 25,
        "id": 46,
        "name": "Keyboard-Icons-24",
        "prevSize": 32,
        "code": 49
      },
      "setIdx": 0,
      "setId": 0,
      "iconIdx": 23
    },
    {
      "icon": {
        "paths": [
          "M928 128h-832c-52.8 0-96 43.2-96 96v576c0 52.8 43.2 96 96 96h832c52.8 0 96-43.2 96-96v-576c0-52.8-43.2-96-96-96zM643.2 656h-265.6v-64l89.6-89.6c25.6-27.2 41.6-44.8 49.6-54.4s12.8-17.6 16-25.6c3.2-6.4 4.8-14.4 4.8-22.4 0-9.6-3.2-17.6-9.6-22.4s-14.4-8-25.6-8c-11.2 0-22.4 3.2-35.2 9.6-11.2 6.4-25.6 16-40 28.8l-54.4-64c19.2-17.6 35.2-28.8 48-36.8s27.2-12.8 41.6-16c14.4-3.2 32-6.4 51.2-6.4 24 0 44.8 4.8 64 12.8s33.6 20.8 43.2 35.2c9.6 16 16 32 16 51.2 0 14.4-1.6 27.2-4.8 40s-9.6 24-16 35.2-17.6 24-30.4 36.8c-12.8 12.8-38.4 38.4-80 73.6v3.2h137.6v83.2z"
        ],
        "attrs": [
          {}
        ],
        "isMulticolor": false,
        "isMulticolor2": false,
        "grid": 0,
        "tags": [
          "Keyboard Icons-25"
        ]
      },
      "attrs": [
        {}
      ],
      "properties": {
        "order": 26,
        "id": 45,
        "name": "Keyboard-Icons-25",
        "prevSize": 32,
        "code": 50
      },
      "setIdx": 0,
      "setId": 0,
      "iconIdx": 24
    },
    {
      "icon": {
        "paths": [
          "M928 128h-832c-52.8 0-96 43.2-96 96v576c0 52.8 43.2 96 96 96h832c52.8 0 96-43.2 96-96v-576c0-52.8-43.2-96-96-96zM600 632c-27.2 19.2-64 28.8-112 28.8-19.2 0-38.4-1.6-54.4-4.8s-35.2-8-54.4-16v-80c16 8 32 14.4 49.6 17.6 16 3.2 32 6.4 46.4 6.4 22.4 0 36.8-3.2 48-9.6 9.6-6.4 14.4-16 14.4-28.8 0-9.6-3.2-17.6-8-22.4s-12.8-9.6-25.6-12.8-27.2-4.8-44.8-4.8h-22.4v-73.6h22.4c49.6 0 75.2-12.8 75.2-38.4 0-9.6-3.2-17.6-11.2-20.8-8-4.8-17.6-6.4-30.4-6.4-24 0-48 8-72 24l-41.6-65.6c19.2-12.8 38.4-22.4 59.2-28.8s43.2-8 70.4-8c38.4 0 67.2 8 89.6 22.4s32 35.2 32 62.4c0 22.4-6.4 41.6-20.8 57.6s-33.6 28.8-60.8 35.2v1.6c60.8 8 91.2 36.8 91.2 86.4 1.6 32-12.8 59.2-40 78.4z"
        ],
        "attrs": [
          {}
        ],
        "isMulticolor": false,
        "isMulticolor2": false,
        "grid": 0,
        "tags": [
          "Keyboard Icons-26"
        ]
      },
      "attrs": [
        {}
      ],
      "properties": {
        "order": 27,
        "id": 44,
        "name": "Keyboard-Icons-26",
        "prevSize": 32,
        "code": 51
      },
      "setIdx": 0,
      "setId": 0,
      "iconIdx": 25
    },
    {
      "icon": {
        "paths": [
          "M928 128h-832c-52.8 0-96 43.2-96 96v576c0 52.8 43.2 96 96 96h832c52.8 0 96-43.2 96-96v-576c0-52.8-43.2-96-96-96zM654.4 585.6h-40v70.4h-97.6v-70.4h-145.6v-72l152-222.4h91.2v220.8h40v73.6z",
          "M496 451.2l-40 60.8h60.8v-43.2c0-8 0-19.2 1.6-32 0-12.8 1.6-20.8 1.6-20.8h-3.2c-6.4 12.8-12.8 24-20.8 35.2z"
        ],
        "attrs": [
          {},
          {}
        ],
        "isMulticolor": false,
        "isMulticolor2": false,
        "grid": 0,
        "tags": [
          "Keyboard Icons-27"
        ]
      },
      "attrs": [
        {},
        {}
      ],
      "properties": {
        "order": 28,
        "id": 43,
        "name": "Keyboard-Icons-27",
        "prevSize": 32,
        "code": 52
      },
      "setIdx": 0,
      "setId": 0,
      "iconIdx": 26
    },
    {
      "icon": {
        "paths": [
          "M928 128h-832c-52.8 0-96 43.2-96 96v576c0 52.8 43.2 96 96 96h832c52.8 0 96-43.2 96-96v-576c0-52.8-43.2-96-96-96zM601.6 628.8c-24 22.4-62.4 32-112 32-43.2 0-76.8-6.4-104-19.2v-81.6c14.4 6.4 30.4 12.8 49.6 16 17.6 4.8 33.6 6.4 46.4 6.4 17.6 0 32-3.2 41.6-11.2s14.4-19.2 14.4-33.6c0-14.4-4.8-25.6-14.4-32-9.6-8-25.6-11.2-44.8-11.2-16 0-32 3.2-49.6 8l-36.8-17.6 14.4-193.6h208v81.6h-124.8l-4.8 48c12.8-3.2 22.4-3.2 27.2-4.8s11.2 0 16 0c20.8 0 40 4.8 57.6 14.4s30.4 24 40 41.6c9.6 17.6 14.4 38.4 14.4 62.4-1.6 41.6-14.4 72-38.4 94.4z"
        ],
        "attrs": [
          {}
        ],
        "isMulticolor": false,
        "isMulticolor2": false,
        "grid": 0,
        "tags": [
          "Keyboard Icons-28"
        ]
      },
      "attrs": [
        {}
      ],
      "properties": {
        "order": 29,
        "id": 42,
        "name": "Keyboard-Icons-28",
        "prevSize": 32,
        "code": 53
      },
      "setIdx": 0,
      "setId": 0,
      "iconIdx": 27
    },
    {
      "icon": {
        "paths": [
          "M516.8 489.6c-11.2 0-20.8 3.2-27.2 11.2s-11.2 17.6-11.2 28.8c0 16 3.2 28.8 9.6 40 6.4 9.6 16 16 27.2 16s19.2-3.2 25.6-11.2c6.4-8 9.6-20.8 9.6-38.4-0-32-11.2-46.4-33.6-46.4z",
          "M928 128h-832c-52.8 0-96 43.2-96 96v576c0 52.8 43.2 96 96 96h832c52.8 0 96-43.2 96-96v-576c0-52.8-43.2-96-96-96zM612.8 627.2c-22.4 24-54.4 35.2-94.4 35.2-43.2 0-76.8-14.4-100.8-41.6-24-28.8-36.8-67.2-36.8-116.8 0-51.2 8-92.8 22.4-123.2 14.4-32 36.8-54.4 64-70.4 28.8-14.4 64-22.4 105.6-22.4 14.4 0 32 1.6 52.8 4.8v76.8c-16-3.2-35.2-4.8-54.4-4.8-33.6 0-57.6 8-73.6 22.4s-25.6 38.4-27.2 70.4h3.2c14.4-28.8 38.4-43.2 72-43.2 32 0 57.6 11.2 75.2 32s27.2 49.6 27.2 88c-1.6 36.8-12.8 68.8-35.2 92.8z"
        ],
        "attrs": [
          {},
          {}
        ],
        "isMulticolor": false,
        "isMulticolor2": false,
        "grid": 0,
        "tags": [
          "Keyboard Icons-29"
        ]
      },
      "attrs": [
        {},
        {}
      ],
      "properties": {
        "order": 30,
        "id": 41,
        "name": "Keyboard-Icons-29",
        "prevSize": 32,
        "code": 54
      },
      "setIdx": 0,
      "setId": 0,
      "iconIdx": 28
    },
    {
      "icon": {
        "paths": [
          "M928 128h-832c-52.8 0-96 43.2-96 96v576c0 52.8 43.2 96 96 96h832c52.8 0 96-43.2 96-96v-576c0-52.8-43.2-96-96-96zM644.8 350.4l-128 307.2h-102.4l124.8-283.2h-158.4v-81.6h264v57.6z"
        ],
        "attrs": [
          {}
        ],
        "isMulticolor": false,
        "isMulticolor2": false,
        "grid": 0,
        "tags": [
          "Keyboard Icons-30"
        ]
      },
      "attrs": [
        {}
      ],
      "properties": {
        "order": 31,
        "id": 40,
        "name": "Keyboard-Icons-30",
        "prevSize": 32,
        "code": 55
      },
      "setIdx": 0,
      "setId": 0,
      "iconIdx": 29
    },
    {
      "icon": {
        "paths": [
          "M510.4 507.2c-14.4 8-25.6 16-32 24s-9.6 16-9.6 25.6c0 9.6 3.2 19.2 11.2 25.6s17.6 9.6 30.4 9.6c28.8 0 44.8-11.2 44.8-32 0-8-3.2-16-9.6-24-6.4-9.6-17.6-19.2-35.2-28.8z",
          "M512 420.8c11.2-6.4 19.2-12.8 24-19.2s6.4-12.8 6.4-19.2c0-8-3.2-14.4-8-19.2-6.4-4.8-12.8-8-20.8-8s-16 3.2-20.8 8c-6.4 4.8-8 11.2-8 19.2-3.2 16 8 27.2 27.2 38.4z",
          "M928 128h-832c-52.8 0-96 43.2-96 96v576c0 52.8 43.2 96 96 96h832c52.8 0 96-43.2 96-96v-576c0-52.8-43.2-96-96-96zM611.2 635.2c-24 17.6-56 27.2-99.2 27.2s-75.2-8-99.2-25.6c-22.4-17.6-33.6-43.2-33.6-75.2 0-20.8 4.8-40 16-54.4 9.6-14.4 27.2-28.8 51.2-40-19.2-12.8-33.6-27.2-41.6-41.6-9.6-14.4-12.8-32-12.8-49.6 0-28.8 11.2-49.6 32-65.6 22.4-16 52.8-24 91.2-24s68.8 8 89.6 24c20.8 16 32 36.8 32 65.6 0 19.2-4.8 36.8-14.4 51.2s-25.6 27.2-48 38.4c27.2 16 46.4 30.4 57.6 46.4s16 32 16 49.6c-1.6 30.4-14.4 54.4-36.8 73.6z"
        ],
        "attrs": [
          {},
          {},
          {}
        ],
        "isMulticolor": false,
        "isMulticolor2": false,
        "grid": 0,
        "tags": [
          "Keyboard Icons-31"
        ]
      },
      "attrs": [
        {},
        {},
        {}
      ],
      "properties": {
        "order": 32,
        "id": 39,
        "name": "Keyboard-Icons-31",
        "prevSize": 32,
        "code": 56
      },
      "setIdx": 0,
      "setId": 0,
      "iconIdx": 30
    },
    {
      "icon": {
        "paths": [
          "M507.2 366.4c-11.2 0-19.2 3.2-25.6 11.2s-9.6 20.8-9.6 38.4c0 14.4 3.2 24 8 32 6.4 8 14.4 12.8 27.2 12.8 11.2 0 20.8-3.2 28.8-11.2s12.8-17.6 12.8-28.8c0-14.4-3.2-27.2-11.2-38.4-9.6-11.2-19.2-16-30.4-16z",
          "M928 128h-832c-52.8 0-96 43.2-96 96v576c0 52.8 43.2 96 96 96h832c52.8 0 96-43.2 96-96v-576c0-52.8-43.2-96-96-96zM598.4 612.8c-30.4 32-80 48-148.8 48-22.4 0-40-1.6-51.2-3.2v-78.4c14.4 3.2 28.8 4.8 43.2 4.8 35.2 0 62.4-8 81.6-22.4s28.8-38.4 32-68.8h-3.2c-6.4 12.8-12.8 20.8-19.2 25.6s-14.4 9.6-24 12.8c-9.6 3.2-20.8 4.8-33.6 4.8-32 0-56-11.2-73.6-32s-27.2-49.6-27.2-88c0-40 11.2-72 35.2-96 22.4-22.4 54.4-35.2 94.4-35.2 44.8 0 80 14.4 104 44.8s36.8 72 36.8 126.4c0 73.6-14.4 124.8-46.4 156.8z"
        ],
        "attrs": [
          {},
          {}
        ],
        "isMulticolor": false,
        "isMulticolor2": false,
        "grid": 0,
        "tags": [
          "Keyboard Icons-32"
        ]
      },
      "attrs": [
        {},
        {}
      ],
      "properties": {
        "order": 33,
        "id": 38,
        "name": "Keyboard-Icons-32",
        "prevSize": 32,
        "code": 57
      },
      "setIdx": 0,
      "setId": 0,
      "iconIdx": 31
    },
    {
      "icon": {
        "paths": [
          "M928 128h-832c-52.8 0-96 43.2-96 96v576c0 52.8 43.2 96 96 96h832c52.8 0 96-43.2 96-96v-576c0-52.8-43.2-96-96-96zM611.2 616c-22.4 30.4-54.4 44.8-99.2 44.8-43.2 0-76.8-16-99.2-46.4-22.4-32-33.6-78.4-33.6-140.8 0-65.6 11.2-112 32-142.4 22.4-30.4 54.4-44.8 99.2-44.8 43.2 0 76.8 16 99.2 48s33.6 78.4 33.6 140.8c1.6 64-9.6 110.4-32 140.8z",
          "M512 364.8c-12.8 0-20.8 8-25.6 24s-8 44.8-8 86.4c0 41.6 3.2 70.4 8 84.8 4.8 16 14.4 24 25.6 24 12.8 0 20.8-8 25.6-24s8-44.8 8-84.8c0-40-3.2-68.8-8-84.8-4.8-17.6-12.8-25.6-25.6-25.6z"
        ],
        "attrs": [
          {},
          {}
        ],
        "isMulticolor": false,
        "isMulticolor2": false,
        "grid": 0,
        "tags": [
          "Keyboard Icons-33"
        ]
      },
      "attrs": [
        {},
        {}
      ],
      "properties": {
        "order": 34,
        "id": 37,
        "name": "Keyboard-Icons-33",
        "prevSize": 32,
        "code": 48
      },
      "setIdx": 0,
      "setId": 0,
      "iconIdx": 32
    },
    {
      "icon": {
        "paths": [
          "M521.6 395.2c-4.8-20.8-8-36.8-9.6-44.8-1.6 8-4.8 22.4-9.6 41.6s-14.4 57.6-28.8 115.2h78.4l-16-60.8c-4.8-12.8-8-30.4-14.4-51.2z",
          "M896 0h-768c-70.4 0-128 57.6-128 128v768c0 70.4 57.6 128 128 128h768c70.4 0 128-57.6 128-128v-768c0-70.4-57.6-128-128-128zM590.4 656l-17.6-68.8h-118.4l-19.2 68.8h-108.8l120-366.4h131.2l120 366.4h-107.2z"
        ],
        "attrs": [
          {},
          {}
        ],
        "isMulticolor": false,
        "isMulticolor2": false,
        "grid": 0,
        "tags": [
          "Keyboard Icons-34"
        ]
      },
      "attrs": [
        {},
        {}
      ],
      "properties": {
        "order": 35,
        "id": 36,
        "name": "Keyboard-Icons-34",
        "prevSize": 32,
        "code": 97
      },
      "setIdx": 0,
      "setId": 0,
      "iconIdx": 33
    },
    {
      "icon": {
        "paths": [
          "M545.6 513.6c-8-6.4-20.8-9.6-35.2-9.6h-32v76.8h33.6c30.4 0 46.4-12.8 46.4-38.4 0-12.8-3.2-22.4-12.8-28.8z",
          "M896 0h-768c-70.4 0-128 57.6-128 128v768c0 70.4 57.6 128 128 128h768c70.4 0 128-57.6 128-128v-768c0-70.4-57.6-128-128-128zM622.4 627.2c-25.6 19.2-59.2 28.8-102.4 28.8h-142.4v-364.8h128c49.6 0 86.4 8 110.4 22.4s36.8 38.4 36.8 68.8c0 20.8-4.8 38.4-16 52.8s-24 24-41.6 28.8v3.2c22.4 6.4 38.4 16 49.6 30.4 9.6 14.4 16 32 16 54.4 0 30.4-12.8 56-38.4 75.2z",
          "M540.8 422.4c8-6.4 11.2-14.4 11.2-25.6 0-20.8-16-30.4-46.4-30.4h-27.2v65.6h30.4c12.8-1.6 24-3.2 32-9.6z"
        ],
        "attrs": [
          {},
          {},
          {}
        ],
        "isMulticolor": false,
        "isMulticolor2": false,
        "grid": 0,
        "tags": [
          "Keyboard Icons-35"
        ]
      },
      "attrs": [
        {},
        {},
        {}
      ],
      "properties": {
        "order": 36,
        "id": 35,
        "name": "Keyboard-Icons-35",
        "prevSize": 32,
        "code": 98
      },
      "setIdx": 0,
      "setId": 0,
      "iconIdx": 34
    },
    {
      "icon": {
        "paths": [
          "M896 0h-768c-70.4 0-128 57.6-128 128v768c0 70.4 57.6 128 128 128h768c70.4 0 128-57.6 128-128v-768c0-70.4-57.6-128-128-128zM553.6 580.8c16 0 32-1.6 46.4-6.4s30.4-9.6 46.4-16v83.2c-30.4 12.8-65.6 20.8-104 20.8-54.4 0-97.6-16-126.4-48s-44.8-78.4-44.8-139.2c0-38.4 6.4-70.4 20.8-99.2s35.2-51.2 60.8-65.6c27.2-16 57.6-22.4 94.4-22.4 40 0 76.8 8 113.6 25.6l-30.4 78.4c-12.8-6.4-27.2-11.2-40-16s-28.8-6.4-43.2-6.4c-24 0-41.6 9.6-54.4 28.8s-19.2 46.4-19.2 80c-0 67.2 27.2 102.4 80 102.4z"
        ],
        "attrs": [
          {}
        ],
        "isMulticolor": false,
        "isMulticolor2": false,
        "grid": 0,
        "tags": [
          "Keyboard Icons-36"
        ]
      },
      "attrs": [
        {}
      ],
      "properties": {
        "order": 37,
        "id": 34,
        "name": "Keyboard-Icons-36",
        "prevSize": 32,
        "code": 99
      },
      "setIdx": 0,
      "setId": 0,
      "iconIdx": 35
    },
    {
      "icon": {
        "paths": [
          "M491.2 371.2h-28.8v204.8h22.4c30.4 0 52.8-8 65.6-25.6 14.4-17.6 20.8-44.8 20.8-80 0-33.6-6.4-57.6-19.2-75.2-14.4-16-33.6-24-60.8-24z",
          "M896 0h-768c-70.4 0-128 57.6-128 128v768c0 70.4 57.6 128 128 128h768c70.4 0 128-57.6 128-128v-768c0-70.4-57.6-128-128-128zM624 606.4c-33.6 33.6-80 49.6-142.4 49.6h-118.4v-364.8h126.4c59.2 0 104 14.4 136 44.8s48 73.6 48 129.6c0 60.8-16 108.8-49.6 140.8z"
        ],
        "attrs": [
          {},
          {}
        ],
        "isMulticolor": false,
        "isMulticolor2": false,
        "grid": 0,
        "tags": [
          "Keyboard Icons-37"
        ]
      },
      "attrs": [
        {},
        {}
      ],
      "properties": {
        "order": 38,
        "id": 33,
        "name": "Keyboard-Icons-37",
        "prevSize": 32,
        "code": 100
      },
      "setIdx": 0,
      "setId": 0,
      "iconIdx": 36
    },
    {
      "icon": {
        "paths": [
          "M896 0h-768c-70.4 0-128 57.6-128 128v768c0 70.4 57.6 128 128 128h768c70.4 0 128-57.6 128-128v-768c0-70.4-57.6-128-128-128zM628.8 369.6h-118.4v57.6h108.8v80h-108.8v68.8h118.4v80h-217.6v-364.8h217.6v78.4z"
        ],
        "attrs": [
          {}
        ],
        "isMulticolor": false,
        "isMulticolor2": false,
        "grid": 0,
        "tags": [
          "Keyboard Icons-38"
        ]
      },
      "attrs": [
        {}
      ],
      "properties": {
        "order": 39,
        "id": 32,
        "name": "Keyboard-Icons-38",
        "prevSize": 32,
        "code": 101
      },
      "setIdx": 0,
      "setId": 0,
      "iconIdx": 37
    },
    {
      "icon": {
        "paths": [
          "M896 0h-768c-70.4 0-128 57.6-128 128v768c0 70.4 57.6 128 128 128h768c70.4 0 128-57.6 128-128v-768c0-70.4-57.6-128-128-128zM628.8 369.6h-118.4v70.4h108.8v80h-108.8v136h-97.6v-364.8h216v78.4z"
        ],
        "attrs": [
          {}
        ],
        "isMulticolor": false,
        "isMulticolor2": false,
        "grid": 0,
        "tags": [
          "Keyboard Icons-39"
        ]
      },
      "attrs": [
        {}
      ],
      "properties": {
        "order": 40,
        "id": 31,
        "name": "Keyboard-Icons-39",
        "prevSize": 32,
        "code": 102
      },
      "setIdx": 0,
      "setId": 0,
      "iconIdx": 38
    },
    {
      "icon": {
        "paths": [
          "M896 0h-768c-70.4 0-128 57.6-128 128v768c0 70.4 57.6 128 128 128h768c70.4 0 128-57.6 128-128v-768c0-70.4-57.6-128-128-128zM667.2 640c-43.2 14.4-89.6 22.4-140.8 22.4-56 0-99.2-16-131.2-49.6-30.4-32-46.4-80-46.4-139.2s17.6-105.6 51.2-137.6c33.6-33.6 81.6-49.6 140.8-49.6 22.4 0 44.8 1.6 65.6 6.4s38.4 9.6 52.8 16l-32 76.8c-25.6-12.8-56-19.2-86.4-19.2-28.8 0-51.2 9.6-67.2 28.8s-24 44.8-24 80c0 33.6 6.4 60.8 20.8 78.4s35.2 27.2 62.4 27.2c14.4 0 28.8-1.6 40-4.8v-57.6h-65.6v-76.8h158.4v198.4z"
        ],
        "attrs": [
          {}
        ],
        "isMulticolor": false,
        "isMulticolor2": false,
        "grid": 0,
        "tags": [
          "Keyboard Icons-40"
        ]
      },
      "attrs": [
        {}
      ],
      "properties": {
        "order": 41,
        "id": 30,
        "name": "Keyboard-Icons-40",
        "prevSize": 32,
        "code": 103
      },
      "setIdx": 0,
      "setId": 0,
      "iconIdx": 39
    },
    {
      "icon": {
        "paths": [
          "M896 0h-768c-70.4 0-128 57.6-128 128v768c0 70.4 57.6 128 128 128h768c70.4 0 128-57.6 128-128v-768c0-70.4-57.6-128-128-128zM668.8 656h-99.2v-148.8h-115.2v148.8h-99.2v-364.8h99.2v136h115.2v-136h99.2v364.8z"
        ],
        "attrs": [
          {}
        ],
        "isMulticolor": false,
        "isMulticolor2": false,
        "grid": 0,
        "tags": [
          "Keyboard Icons-41"
        ]
      },
      "attrs": [
        {}
      ],
      "properties": {
        "order": 42,
        "id": 29,
        "name": "Keyboard-Icons-41",
        "prevSize": 32,
        "code": 104
      },
      "setIdx": 0,
      "setId": 0,
      "iconIdx": 40
    },
    {
      "icon": {
        "paths": [
          "M896 0h-768c-70.4 0-128 57.6-128 128v768c0 70.4 57.6 128 128 128h768c70.4 0 128-57.6 128-128v-768c0-70.4-57.6-128-128-128zM561.6 656h-99.2v-364.8h99.2v364.8z"
        ],
        "attrs": [
          {}
        ],
        "isMulticolor": false,
        "isMulticolor2": false,
        "grid": 0,
        "tags": [
          "Keyboard Icons-42"
        ]
      },
      "attrs": [
        {}
      ],
      "properties": {
        "order": 43,
        "id": 28,
        "name": "Keyboard-Icons-42",
        "prevSize": 32,
        "code": 105
      },
      "setIdx": 0,
      "setId": 0,
      "iconIdx": 41
    },
    {
      "icon": {
        "paths": [
          "M896 0h-768c-70.4 0-128 57.6-128 128v768c0 70.4 57.6 128 128 128h768c70.4 0 128-57.6 128-128v-768c0-70.4-57.6-128-128-128zM563.2 620.8c0 49.6-11.2 86.4-32 112-22.4 25.6-54.4 38.4-97.6 38.4-17.6 0-35.2-1.6-51.2-4.8v-76.8c4.8 1.6 11.2 1.6 17.6 3.2s12.8 1.6 19.2 1.6c16 0 28.8-4.8 35.2-14.4s11.2-27.2 11.2-51.2v-337.6h99.2v329.6z"
        ],
        "attrs": [
          {}
        ],
        "isMulticolor": false,
        "isMulticolor2": false,
        "grid": 0,
        "tags": [
          "Keyboard Icons-43"
        ]
      },
      "attrs": [
        {}
      ],
      "properties": {
        "order": 44,
        "id": 27,
        "name": "Keyboard-Icons-43",
        "prevSize": 32,
        "code": 106
      },
      "setIdx": 0,
      "setId": 0,
      "iconIdx": 42
    },
    {
      "icon": {
        "paths": [
          "M896 0h-768c-70.4 0-128 57.6-128 128v768c0 70.4 57.6 128 128 128h768c70.4 0 128-57.6 128-128v-768c0-70.4-57.6-128-128-128zM688 656h-112l-72-139.2-28.8 17.6v121.6h-99.2v-364.8h99.2v158.4c4.8-9.6 14.4-25.6 30.4-46.4l76.8-112h108.8l-115.2 163.2 112 201.6z"
        ],
        "attrs": [
          {}
        ],
        "isMulticolor": false,
        "isMulticolor2": false,
        "grid": 0,
        "tags": [
          "Keyboard Icons-44"
        ]
      },
      "attrs": [
        {}
      ],
      "properties": {
        "order": 45,
        "id": 26,
        "name": "Keyboard-Icons-44",
        "prevSize": 32,
        "code": 107
      },
      "setIdx": 0,
      "setId": 0,
      "iconIdx": 43
    },
    {
      "icon": {
        "paths": [
          "M896 0h-768c-70.4 0-128 57.6-128 128v768c0 70.4 57.6 128 128 128h768c70.4 0 128-57.6 128-128v-768c0-70.4-57.6-128-128-128zM641.6 656h-240v-364.8h99.2v284.8h140.8v80z"
        ],
        "attrs": [
          {}
        ],
        "isMulticolor": false,
        "isMulticolor2": false,
        "grid": 0,
        "tags": [
          "Keyboard Icons-45"
        ]
      },
      "attrs": [
        {}
      ],
      "properties": {
        "order": 46,
        "id": 25,
        "name": "Keyboard-Icons-45",
        "prevSize": 32,
        "code": 108
      },
      "setIdx": 0,
      "setId": 0,
      "iconIdx": 44
    },
    {
      "icon": {
        "paths": [
          "M896 0h-768c-70.4 0-128 57.6-128 128v768c0 70.4 57.6 128 128 128h768c70.4 0 128-57.6 128-128v-768c0-70.4-57.6-128-128-128zM720 656h-91.2v-160c0-8 0-17.6 0-27.2s1.6-35.2 3.2-75.2h-1.6l-73.6 262.4h-92.8l-75.2-264h-1.6c3.2 44.8 4.8 80 4.8 104v160h-88v-364.8h131.2l76.8 259.2h1.6l75.2-259.2h131.2v364.8z"
        ],
        "attrs": [
          {}
        ],
        "isMulticolor": false,
        "isMulticolor2": false,
        "grid": 0,
        "tags": [
          "Keyboard Icons-46"
        ]
      },
      "attrs": [
        {}
      ],
      "properties": {
        "order": 47,
        "id": 24,
        "name": "Keyboard-Icons-46",
        "prevSize": 32,
        "code": 109
      },
      "setIdx": 0,
      "setId": 0,
      "iconIdx": 45
    },
    {
      "icon": {
        "paths": [
          "M896 0h-768c-70.4 0-128 57.6-128 128v768c0 70.4 57.6 128 128 128h768c70.4 0 128-57.6 128-128v-768c0-70.4-57.6-128-128-128zM686.4 656h-129.6l-132.8-257.6h-1.6c3.2 40 4.8 72 4.8 92.8v164.8h-88v-364.8h129.6l132.8 254.4h1.6c-1.6-36.8-3.2-67.2-3.2-88v-166.4h88v364.8z"
        ],
        "attrs": [
          {}
        ],
        "isMulticolor": false,
        "isMulticolor2": false,
        "grid": 0,
        "tags": [
          "Keyboard Icons-47"
        ]
      },
      "attrs": [
        {}
      ],
      "properties": {
        "order": 48,
        "id": 23,
        "name": "Keyboard-Icons-47",
        "prevSize": 32,
        "code": 110
      },
      "setIdx": 0,
      "setId": 0,
      "iconIdx": 46
    },
    {
      "icon": {
        "paths": [
          "M512 366.4c-49.6 0-73.6 35.2-73.6 107.2 0 70.4 24 105.6 73.6 105.6 25.6 0 43.2-8 56-25.6s17.6-43.2 17.6-80c0-36.8-6.4-64-17.6-81.6-12.8-17.6-32-25.6-56-25.6z",
          "M896 0h-768c-70.4 0-128 57.6-128 128v768c0 70.4 57.6 128 128 128h768c70.4 0 128-57.6 128-128v-768c0-70.4-57.6-128-128-128zM644.8 612.8c-30.4 32-73.6 48-132.8 48-57.6 0-100.8-16-131.2-48s-46.4-78.4-46.4-140.8c0-60.8 16-107.2 46.4-139.2s75.2-48 132.8-48c57.6 0 102.4 16 132.8 48s44.8 78.4 44.8 140.8c-1.6 60.8-16 107.2-46.4 139.2z"
        ],
        "attrs": [
          {},
          {}
        ],
        "isMulticolor": false,
        "isMulticolor2": false,
        "grid": 0,
        "tags": [
          "Keyboard Icons-48"
        ]
      },
      "attrs": [
        {},
        {}
      ],
      "properties": {
        "order": 49,
        "id": 22,
        "name": "Keyboard-Icons-48",
        "prevSize": 32,
        "code": 111
      },
      "setIdx": 0,
      "setId": 0,
      "iconIdx": 47
    },
    {
      "icon": {
        "paths": [
          "M896 0h-768c-70.4 0-128 57.6-128 128v768c0 70.4 57.6 128 128 128h768c70.4 0 128-57.6 128-128v-768c0-70.4-57.6-128-128-128zM619.2 502.4c-24 22.4-57.6 33.6-102.4 33.6h-27.2v120h-99.2v-364.8h126.4c46.4 0 81.6 9.6 104 30.4s35.2 49.6 35.2 86.4c-1.6 40-12.8 72-36.8 94.4z",
          "M513.6 371.2h-25.6v84.8h17.6c14.4 0 27.2-4.8 35.2-12.8s12.8-19.2 12.8-35.2c1.6-25.6-12.8-36.8-40-36.8z"
        ],
        "attrs": [
          {},
          {}
        ],
        "isMulticolor": false,
        "isMulticolor2": false,
        "grid": 0,
        "tags": [
          "Keyboard Icons-49"
        ]
      },
      "attrs": [
        {},
        {}
      ],
      "properties": {
        "order": 50,
        "id": 21,
        "name": "Keyboard-Icons-49",
        "prevSize": 32,
        "code": 112
      },
      "setIdx": 0,
      "setId": 0,
      "iconIdx": 48
    },
    {
      "icon": {
        "paths": [
          "M512 366.4c-49.6 0-73.6 35.2-73.6 107.2 0 70.4 24 105.6 73.6 105.6 25.6 0 43.2-8 56-25.6s17.6-43.2 17.6-80c0-36.8-6.4-64-17.6-81.6-12.8-17.6-32-25.6-56-25.6z",
          "M896 0h-768c-70.4 0-128 57.6-128 128v768c0 70.4 57.6 128 128 128h768c70.4 0 128-57.6 128-128v-768c0-70.4-57.6-128-128-128zM576 744l-64-81.6c-57.6 0-100.8-16-131.2-48s-46.4-78.4-46.4-140.8c0-60.8 16-107.2 46.4-139.2s75.2-48 132.8-48c57.6 0 102.4 16 132.8 48s44.8 78.4 44.8 140.8c0 83.2-25.6 139.2-78.4 168l89.6 102.4h-126.4z"
        ],
        "attrs": [
          {},
          {}
        ],
        "isMulticolor": false,
        "isMulticolor2": false,
        "grid": 0,
        "tags": [
          "Keyboard Icons-50"
        ]
      },
      "attrs": [
        {},
        {}
      ],
      "properties": {
        "order": 51,
        "id": 20,
        "name": "Keyboard-Icons-50",
        "prevSize": 32,
        "code": 113
      },
      "setIdx": 0,
      "setId": 0,
      "iconIdx": 49
    },
    {
      "icon": {
        "paths": [
          "M896 0h-768c-70.4 0-128 57.6-128 128v768c0 70.4 57.6 128 128 128h768c70.4 0 128-57.6 128-128v-768c0-70.4-57.6-128-128-128zM579.2 656l-76.8-132.8h-25.6v132.8h-99.2v-364.8h120c99.2 0 148.8 36.8 148.8 108.8 0 41.6-20.8 75.2-62.4 97.6l107.2 160h-112z",
          "M496 366.4h-19.2v83.2h19.2c35.2 0 51.2-16 51.2-46.4 0-25.6-17.6-36.8-51.2-36.8z"
        ],
        "attrs": [
          {},
          {}
        ],
        "isMulticolor": false,
        "isMulticolor2": false,
        "grid": 0,
        "tags": [
          "Keyboard Icons-51"
        ]
      },
      "attrs": [
        {},
        {}
      ],
      "properties": {
        "order": 52,
        "id": 19,
        "name": "Keyboard-Icons-51",
        "prevSize": 32,
        "code": 114
      },
      "setIdx": 0,
      "setId": 0,
      "iconIdx": 50
    },
    {
      "icon": {
        "paths": [
          "M896 0h-768c-70.4 0-128 57.6-128 128v768c0 70.4 57.6 128 128 128h768c70.4 0 128-57.6 128-128v-768c0-70.4-57.6-128-128-128zM497.6 408c8 6.4 27.2 16 60.8 30.4 32 14.4 52.8 28.8 65.6 46.4s17.6 36.8 17.6 60.8c0 22.4-6.4 43.2-17.6 60.8s-28.8 32-49.6 41.6c-22.4 9.6-46.4 14.4-76.8 14.4-24 0-44.8-1.6-60.8-4.8s-33.6-9.6-51.2-17.6v-88c19.2 9.6 38.4 17.6 59.2 22.4s38.4 8 56 8c14.4 0 25.6-3.2 32-8s9.6-11.2 9.6-19.2c0-4.8-1.6-9.6-4.8-12.8s-6.4-8-12.8-11.2c-6.4-3.2-22.4-11.2-48-24-24-11.2-41.6-20.8-54.4-32-11.2-9.6-20.8-22.4-27.2-35.2s-8-28.8-8-46.4c0-33.6 12.8-59.2 36.8-78.4s57.6-28.8 100.8-28.8c38.4 0 76.8 8 115.2 25.6l-30.4 76.8c-33.6-16-64-24-88-24-12.8 0-22.4 1.6-28.8 6.4s-8 9.6-8 16c3.2 8 6.4 14.4 12.8 20.8z"
        ],
        "attrs": [
          {}
        ],
        "isMulticolor": false,
        "isMulticolor2": false,
        "grid": 0,
        "tags": [
          "Keyboard Icons-52"
        ]
      },
      "attrs": [
        {}
      ],
      "properties": {
        "order": 53,
        "id": 18,
        "name": "Keyboard-Icons-52",
        "prevSize": 32,
        "code": 115
      },
      "setIdx": 0,
      "setId": 0,
      "iconIdx": 51
    },
    {
      "icon": {
        "paths": [
          "M896 0h-768c-70.4 0-128 57.6-128 128v768c0 70.4 57.6 128 128 128h768c70.4 0 128-57.6 128-128v-768c0-70.4-57.6-128-128-128zM651.2 371.2h-89.6v284.8h-99.2v-284.8h-89.6v-80h276.8v80z"
        ],
        "attrs": [
          {}
        ],
        "isMulticolor": false,
        "isMulticolor2": false,
        "grid": 0,
        "tags": [
          "Keyboard Icons-53"
        ]
      },
      "attrs": [
        {}
      ],
      "properties": {
        "order": 54,
        "id": 17,
        "name": "Keyboard-Icons-53",
        "prevSize": 32,
        "code": 116
      },
      "setIdx": 0,
      "setId": 0,
      "iconIdx": 52
    },
    {
      "icon": {
        "paths": [
          "M896 0h-768c-70.4 0-128 57.6-128 128v768c0 70.4 57.6 128 128 128h768c70.4 0 128-57.6 128-128v-768c0-70.4-57.6-128-128-128zM668.8 510.4c0 48-12.8 84.8-40 110.4s-65.6 40-116.8 40c-49.6 0-88-12.8-115.2-38.4s-40-62.4-40-110.4v-220.8h99.2v214.4c0 25.6 4.8 44.8 14.4 56s24 17.6 43.2 17.6c20.8 0 35.2-6.4 43.2-17.6 9.6-11.2 14.4-30.4 14.4-57.6v-212.8h99.2v219.2z"
        ],
        "attrs": [
          {}
        ],
        "isMulticolor": false,
        "isMulticolor2": false,
        "grid": 0,
        "tags": [
          "Keyboard Icons-54"
        ]
      },
      "attrs": [
        {}
      ],
      "properties": {
        "order": 55,
        "id": 16,
        "name": "Keyboard-Icons-54",
        "prevSize": 32,
        "code": 117
      },
      "setIdx": 0,
      "setId": 0,
      "iconIdx": 53
    },
    {
      "icon": {
        "paths": [
          "M896 0h-768c-70.4 0-128 57.6-128 128v768c0 70.4 57.6 128 128 128h768c70.4 0 128-57.6 128-128v-768c0-70.4-57.6-128-128-128zM569.6 656h-116.8l-120-364.8h110.4l49.6 185.6c9.6 41.6 16 70.4 17.6 86.4 1.6-11.2 3.2-25.6 6.4-43.2s6.4-32 9.6-41.6l51.2-185.6h110.4l-118.4 363.2z"
        ],
        "attrs": [
          {}
        ],
        "isMulticolor": false,
        "isMulticolor2": false,
        "grid": 0,
        "tags": [
          "Keyboard Icons-55"
        ]
      },
      "attrs": [
        {}
      ],
      "properties": {
        "order": 56,
        "id": 15,
        "name": "Keyboard-Icons-55",
        "prevSize": 32,
        "code": 118
      },
      "setIdx": 0,
      "setId": 0,
      "iconIdx": 54
    },
    {
      "icon": {
        "paths": [
          "M896 0h-768c-70.4 0-128 57.6-128 128v768c0 70.4 57.6 128 128 128h768c70.4 0 128-57.6 128-128v-768c0-70.4-57.6-128-128-128zM680 656h-116.8l-35.2-160c-1.6-6.4-4.8-19.2-8-40-3.2-19.2-6.4-36.8-8-49.6 0 12.8-3.2 25.6-6.4 41.6s-6.4 30.4-9.6 44.8c-3.2 12.8-14.4 68.8-36.8 164.8h-116.8l-91.2-364.8h96l40 184c9.6 40 14.4 72 19.2 96 1.6-17.6 6.4-40 11.2-68.8s11.2-52.8 16-72l32-137.6h91.2l32 137.6c4.8 22.4 11.2 48 16 76.8s9.6 51.2 11.2 65.6c1.6-19.2 8-51.2 17.6-96l40-184h96l-89.6 361.6z"
        ],
        "attrs": [
          {}
        ],
        "isMulticolor": false,
        "isMulticolor2": false,
        "grid": 0,
        "tags": [
          "Keyboard Icons-56"
        ]
      },
      "attrs": [
        {}
      ],
      "properties": {
        "order": 57,
        "id": 14,
        "name": "Keyboard-Icons-56",
        "prevSize": 32,
        "code": 119
      },
      "setIdx": 0,
      "setId": 0,
      "iconIdx": 55
    },
    {
      "icon": {
        "paths": [
          "M896 0h-768c-70.4 0-128 57.6-128 128v768c0 70.4 57.6 128 128 128h768c70.4 0 128-57.6 128-128v-768c0-70.4-57.6-128-128-128zM580.8 656l-72-113.6-68.8 113.6h-112l121.6-187.2-113.6-179.2h108.8l65.6 113.6 64-113.6h112l-115.2 185.6 124.8 180.8h-115.2z"
        ],
        "attrs": [
          {}
        ],
        "isMulticolor": false,
        "isMulticolor2": false,
        "grid": 0,
        "tags": [
          "Keyboard Icons-57"
        ]
      },
      "attrs": [
        {}
      ],
      "properties": {
        "order": 58,
        "id": 13,
        "name": "Keyboard-Icons-57",
        "prevSize": 32,
        "code": 120
      },
      "setIdx": 0,
      "setId": 0,
      "iconIdx": 56
    },
    {
      "icon": {
        "paths": [
          "M896 0h-768c-70.4 0-128 57.6-128 128v768c0 70.4 57.6 128 128 128h768c70.4 0 128-57.6 128-128v-768c0-70.4-57.6-128-128-128zM561.6 513.6v142.4h-99.2v-139.2l-120-225.6h107.2l62.4 136 62.4-136h107.2l-120 222.4z"
        ],
        "attrs": [
          {}
        ],
        "isMulticolor": false,
        "isMulticolor2": false,
        "grid": 0,
        "tags": [
          "Keyboard Icons-58"
        ]
      },
      "attrs": [
        {}
      ],
      "properties": {
        "order": 59,
        "id": 12,
        "name": "Keyboard-Icons-58",
        "prevSize": 32,
        "code": 121
      },
      "setIdx": 0,
      "setId": 0,
      "iconIdx": 57
    },
    {
      "icon": {
        "paths": [
          "M896 0h-768c-70.4 0-128 57.6-128 128v768c0 70.4 57.6 128 128 128h768c70.4 0 128-57.6 128-128v-768c0-70.4-57.6-128-128-128zM656 656h-284.8v-60.8l158.4-224h-155.2v-80h276.8v60.8l-158.4 224h163.2v80z"
        ],
        "attrs": [
          {}
        ],
        "isMulticolor": false,
        "isMulticolor2": false,
        "grid": 0,
        "tags": [
          "Keyboard Icons-59"
        ]
      },
      "attrs": [
        {}
      ],
      "properties": {
        "order": 60,
        "id": 11,
        "name": "Keyboard-Icons-59",
        "prevSize": 32,
        "code": 122
      },
      "setIdx": 0,
      "setId": 0,
      "iconIdx": 58
    },
    {
      "icon": {
        "paths": [
          "M800 0h-576c-52.8 0-96 43.2-96 96v832c0 52.8 43.2 96 96 96h576c52.8 0 96-43.2 96-96v-832c0-52.8-43.2-96-96-96zM700.8 556.8h-139.2v136h-100.8v-136h-139.2v-100.8h139.2v-137.6h100.8v137.6h139.2v100.8z"
        ],
        "attrs": [
          {}
        ],
        "isMulticolor": false,
        "isMulticolor2": false,
        "grid": 0,
        "tags": [
          "Keyboard Icons-60"
        ]
      },
      "attrs": [
        {}
      ],
      "properties": {
        "order": 61,
        "id": 10,
        "name": "Keyboard-Icons-60",
        "prevSize": 32,
        "code": 43
      },
      "setIdx": 0,
      "setId": 0,
      "iconIdx": 59
    },
    {
      "icon": {
        "paths": [
          "M862.4 64h-700.8c-54.4 0-97.6 43.2-97.6 97.6v702.4c0 52.8 43.2 97.6 97.6 97.6h702.4c52.8 0 97.6-43.2 97.6-97.6v-702.4c-1.6-54.4-44.8-97.6-99.2-97.6zM617.6 580.8h-211.2v-116.8h211.2v116.8z"
        ],
        "attrs": [
          {}
        ],
        "isMulticolor": false,
        "isMulticolor2": false,
        "grid": 0,
        "tags": [
          "Keyboard Icons-61"
        ]
      },
      "attrs": [
        {}
      ],
      "properties": {
        "order": 62,
        "id": 9,
        "name": "Keyboard-Icons-61",
        "prevSize": 32,
        "code": 45
      },
      "setIdx": 0,
      "setId": 0,
      "iconIdx": 60
    },
    {
      "icon": {
        "paths": [
          "M862.4 64h-700.8c-54.4 0-97.6 43.2-97.6 97.6v702.4c0 52.8 43.2 97.6 97.6 97.6h702.4c52.8 0 97.6-43.2 97.6-97.6v-702.4c-1.6-54.4-44.8-97.6-99.2-97.6zM662.4 638.4l-97.6 51.2-54.4-105.6-46.4 105.6-102.4-51.2 76.8-104-116.8-9.6 17.6-108.8 131.2 38.4-14.4-132.8h113.6l-14.4 132.8 132.8-38.4 14.4 110.4-118.4 8 78.4 104z"
        ],
        "attrs": [
          {}
        ],
        "isMulticolor": false,
        "isMulticolor2": false,
        "grid": 0,
        "tags": [
          "Keyboard Icons-62"
        ]
      },
      "attrs": [
        {}
      ],
      "properties": {
        "order": 63,
        "id": 8,
        "name": "Keyboard-Icons-62",
        "prevSize": 32,
        "code": 42
      },
      "setIdx": 0,
      "setId": 0,
      "iconIdx": 61
    },
    {
      "icon": {
        "paths": [
          "M862.4 64h-700.8c-54.4 0-97.6 43.2-97.6 97.6v702.4c0 52.8 43.2 97.6 97.6 97.6h702.4c52.8 0 97.6-43.2 97.6-97.6v-702.4c-1.6-54.4-44.8-97.6-99.2-97.6zM475.2 784h-129.6l204.8-563.2h129.6l-204.8 563.2z"
        ],
        "attrs": [
          {}
        ],
        "isMulticolor": false,
        "isMulticolor2": false,
        "grid": 0,
        "tags": [
          "Keyboard Icons-63"
        ]
      },
      "attrs": [
        {}
      ],
      "properties": {
        "order": 64,
        "id": 7,
        "name": "Keyboard-Icons-63",
        "prevSize": 32,
        "code": 92
      },
      "setIdx": 0,
      "setId": 0,
      "iconIdx": 62
    },
    {
      "icon": {
        "paths": [
          "M904 64h-784c-65.6 0-120 54.4-120 120v656c0 65.6 54.4 120 120 120h784c65.6 0 120-54.4 120-120v-656c0-65.6-54.4-120-120-120zM414.4 582.4c-25.6 24-60.8 36.8-105.6 36.8h-88v-273.6h94.4c44.8 0 78.4 11.2 102.4 33.6s35.2 54.4 35.2 97.6c0 46.4-12.8 81.6-38.4 105.6zM692.8 534.4h-131.2c0 11.2 4.8 20.8 12.8 27.2s19.2 9.6 33.6 9.6c12.8 0 24-1.6 35.2-3.2s22.4-6.4 35.2-12.8v52.8c-11.2 6.4-24 9.6-35.2 12.8s-25.6 3.2-43.2 3.2c-35.2 0-62.4-9.6-83.2-28.8s-28.8-44.8-28.8-80c0-35.2 9.6-64 27.2-83.2s44.8-28.8 78.4-28.8c32 0 56 8 73.6 25.6s25.6 40 25.6 72v33.6zM808 620.8h-73.6v-292.8h73.6v292.8z",
          "M595.2 454.4c-8 0-16 3.2-22.4 8s-9.6 14.4-9.6 25.6h62.4c0-9.6-3.2-19.2-8-24s-12.8-9.6-22.4-9.6z",
          "M315.2 406.4h-20.8v153.6h16c22.4 0 38.4-6.4 49.6-19.2s16-33.6 16-59.2c0-25.6-4.8-43.2-14.4-56s-25.6-19.2-46.4-19.2z"
        ],
        "attrs": [
          {},
          {},
          {}
        ],
        "isMulticolor": false,
        "isMulticolor2": false,
        "grid": 0,
        "tags": [
          "Keyboard Icons-64"
        ]
      },
      "attrs": [
        {},
        {},
        {}
      ],
      "properties": {
        "order": 65,
        "id": 6,
        "name": "Keyboard-Icons-64",
        "prevSize": 32,
        "code": 71
      },
      "setIdx": 0,
      "setId": 0,
      "iconIdx": 63
    },
    {
      "icon": {
        "paths": [
          "M904 64h-784c-65.6 0-120 54.4-120 120v656c0 65.6 54.4 120 120 120h784c65.6 0 120-54.4 120-120v-656c0-65.6-54.4-120-120-120zM275.2 604.8h-56v-83.2h-64v83.2h-56v-206.4h56v76.8h64v-76.8h56v206.4zM448 585.6c-14.4 14.4-33.6 22.4-59.2 22.4-24 0-43.2-8-57.6-22.4s-20.8-35.2-20.8-60.8c0-25.6 6.4-46.4 20.8-60.8s33.6-20.8 59.2-20.8c16 0 28.8 3.2 41.6 9.6s20.8 16 27.2 28.8c6.4 12.8 9.6 27.2 9.6 43.2 0 25.6-6.4 46.4-20.8 60.8zM750.4 604.8h-54.4v-86.4c0-11.2-1.6-19.2-4.8-24s-8-8-14.4-8c-8 0-14.4 3.2-19.2 11.2s-6.4 19.2-6.4 33.6v73.6h-54.4v-86.4c0-11.2-1.6-19.2-4.8-24s-8-8-14.4-8c-8 0-14.4 3.2-19.2 11.2s-6.4 20.8-6.4 38.4v70.4h-54.4v-160h41.6l6.4 19.2h3.2c4.8-8 9.6-12.8 17.6-16s17.6-6.4 27.2-6.4c22.4 0 38.4 6.4 48 20.8h4.8c4.8-6.4 11.2-11.2 19.2-16 8-3.2 17.6-4.8 27.2-4.8 19.2 0 32 4.8 41.6 14.4s12.8 24 12.8 44.8v102.4zM934.4 539.2h-97.6c0 9.6 3.2 16 9.6 20.8s14.4 8 25.6 8c9.6 0 19.2-1.6 27.2-3.2s17.6-4.8 25.6-9.6v40c-8 4.8-17.6 8-27.2 9.6s-20.8 3.2-33.6 3.2c-27.2 0-46.4-6.4-62.4-20.8-14.4-14.4-22.4-33.6-22.4-60.8s6.4-48 20.8-62.4 33.6-20.8 57.6-20.8c24 0 43.2 6.4 56 19.2s19.2 30.4 19.2 54.4v22.4z",
          "M862.4 480c-6.4 0-11.2 1.6-16 6.4s-6.4 11.2-8 19.2h48c0-8-1.6-14.4-6.4-19.2-6.4-4.8-11.2-6.4-17.6-6.4z",
          "M388.8 483.2c-8 0-14.4 3.2-17.6 9.6s-4.8 17.6-4.8 30.4 1.6 24 4.8 32 9.6 11.2 19.2 11.2c8 0 14.4-3.2 17.6-11.2 3.2-6.4 4.8-17.6 4.8-32 0-12.8-1.6-24-4.8-30.4s-9.6-9.6-19.2-9.6z"
        ],
        "attrs": [
          {},
          {},
          {}
        ],
        "isMulticolor": false,
        "isMulticolor2": false,
        "grid": 0,
        "tags": [
          "Keyboard Icons-65"
        ]
      },
      "attrs": [
        {},
        {},
        {}
      ],
      "properties": {
        "order": 66,
        "id": 5,
        "name": "Keyboard-Icons-65",
        "prevSize": 32,
        "code": 72
      },
      "setIdx": 0,
      "setId": 0,
      "iconIdx": 64
    },
    {
      "icon": {
        "paths": [
          "M904 64h-784c-65.6 0-120 54.4-120 120v656c0 65.6 54.4 120 120 120h784c65.6 0 120-54.4 120-120v-656c0-65.6-54.4-120-120-120zM144 604.8h-56v-206.4h56v206.4zM340.8 604.8h-54.4v-86.4c0-11.2-1.6-19.2-4.8-24s-8-8-14.4-8c-9.6 0-16 3.2-20.8 11.2s-6.4 19.2-6.4 36.8v70.4h-54.4v-160h41.6l6.4 19.2h3.2c4.8-8 11.2-12.8 19.2-17.6 8-3.2 17.6-6.4 28.8-6.4 17.6 0 32 4.8 41.6 16 9.6 9.6 14.4 24 14.4 43.2v105.6zM483.2 593.6c-11.2 8-28.8 12.8-49.6 12.8-11.2 0-22.4 0-30.4-1.6s-17.6-3.2-27.2-6.4v-44.8c8 3.2 17.6 6.4 28.8 9.6 9.6 3.2 19.2 3.2 27.2 3.2 11.2 0 17.6-3.2 17.6-8 0-3.2-1.6-4.8-4.8-8-3.2-1.6-12.8-6.4-28.8-12.8-14.4-6.4-25.6-12.8-30.4-20.8s-8-17.6-8-28.8c0-14.4 6.4-25.6 17.6-35.2s27.2-12.8 48-12.8c11.2 0 20.8 1.6 28.8 3.2 9.6 1.6 19.2 6.4 28.8 9.6l-14.4 35.2c-8-3.2-14.4-6.4-24-8s-16-0-20.8-0c-9.6 0-12.8 1.6-12.8 6.4 0 3.2 1.6 4.8 4.8 6.4s12.8 6.4 27.2 11.2c11.2 4.8 19.2 9.6 25.6 12.8 4.8 4.8 9.6 9.6 12.8 16s3.2 12.8 3.2 22.4c-1.6 17.6-6.4 30.4-19.2 38.4zM678.4 539.2h-97.6c0 9.6 3.2 16 9.6 20.8s14.4 8 25.6 8c9.6 0 19.2-1.6 27.2-3.2s17.6-4.8 25.6-9.6v40c-8 4.8-17.6 8-27.2 9.6s-20.8 3.2-33.6 3.2c-27.2 0-46.4-6.4-62.4-20.8-14.4-14.4-22.4-33.6-22.4-60.8s6.4-48 20.8-62.4 33.6-20.8 57.6-20.8c24 0 43.2 6.4 56 19.2s19.2 30.4 19.2 54.4v22.4zM817.6 496c-4.8-1.6-11.2-1.6-19.2-1.6-12.8 0-20.8 3.2-25.6 8s-8 12.8-8 24v78.4h-54.4v-160h41.6l8 25.6h3.2c4.8-8 11.2-16 19.2-20.8s16-8 25.6-8c4.8 0 9.6 0 14.4 1.6h3.2l-8 52.8zM948.8 598.4c-8 3.2-14.4 4.8-20.8 6.4s-14.4 1.6-24 1.6c-19.2 0-32-4.8-40-12.8s-12.8-22.4-12.8-41.6v-65.6h-19.2v-22.4l24-17.6 14.4-33.6h36.8v32h38.4v41.6h-38.4v62.4c0 9.6 4.8 16 14.4 16 8 0 16-1.6 27.2-4.8v38.4z",
          "M604.8 480c-6.4 0-11.2 1.6-16 6.4s-6.4 11.2-8 19.2h48c0-8-1.6-14.4-6.4-19.2s-9.6-6.4-17.6-6.4z"
        ],
        "attrs": [
          {},
          {}
        ],
        "isMulticolor": false,
        "isMulticolor2": false,
        "grid": 0,
        "tags": [
          "Keyboard Icons-66"
        ]
      },
      "attrs": [
        {},
        {}
      ],
      "properties": {
        "order": 67,
        "id": 4,
        "name": "Keyboard-Icons-66",
        "prevSize": 32,
        "code": 73
      },
      "setIdx": 0,
      "setId": 0,
      "iconIdx": 65
    },
    {
      "icon": {
        "paths": [
          "M360 472c-11.2 0-17.6 8-17.6 24s6.4 24 17.6 24c4.8 0 9.6-1.6 12.8-6.4s4.8-9.6 4.8-17.6c-1.6-14.4-6.4-24-17.6-24z",
          "M326.4 624c0 4.8 3.2 8 8 11.2s11.2 4.8 19.2 4.8c12.8 0 24-1.6 32-4.8s12.8-8 12.8-12.8c0-4.8-3.2-6.4-8-9.6s-11.2-3.2-20.8-3.2h-20.8c-6.4 0-11.2 1.6-14.4 4.8-6.4 1.6-8 6.4-8 9.6z",
          "M840 484.8c-8 0-14.4 3.2-17.6 8-3.2 6.4-4.8 14.4-4.8 25.6v4.8c0 14.4 1.6 24 4.8 30.4s9.6 9.6 17.6 9.6c6.4 0 12.8-3.2 16-9.6s4.8-16 4.8-30.4c0-14.4-1.6-24-4.8-28.8s-8-9.6-16-9.6z",
          "M904 64h-784c-65.6 0-120 54.4-120 120v656c0 65.6 54.4 120 120 120h784c65.6 0 120-54.4 120-120v-656c0-65.6-54.4-120-120-120zM246.4 516.8c-12.8 12.8-32 19.2-57.6 19.2h-16v68.8h-56v-206.4h70.4c25.6 0 44.8 6.4 59.2 17.6s19.2 27.2 19.2 48c0 22.4-6.4 40-19.2 52.8zM446.4 472l-22.4 8c3.2 4.8 4.8 11.2 4.8 19.2 0 17.6-6.4 30.4-17.6 40-12.8 9.6-30.4 14.4-54.4 14.4-6.4 0-11.2 0-14.4-1.6-1.6 3.2-1.6 4.8-1.6 6.4 0 3.2 1.6 4.8 6.4 6.4s9.6 1.6 17.6 1.6h27.2c35.2 0 52.8 14.4 52.8 44.8 0 19.2-8 35.2-25.6 44.8-16 11.2-40 16-70.4 16-22.4 0-40-3.2-52.8-11.2s-17.6-17.6-17.6-32c0-19.2 11.2-32 35.2-36.8-4.8-1.6-9.6-4.8-12.8-9.6s-4.8-9.6-4.8-14.4c0-4.8 1.6-9.6 4.8-12.8s8-8 17.6-12.8c-8-3.2-14.4-9.6-19.2-17.6s-6.4-17.6-6.4-28.8c0-17.6 6.4-30.4 17.6-40s28.8-14.4 51.2-14.4c3.2 0 8 0 14.4 1.6s12.8 1.6 16 1.6h56v27.2zM723.2 523.2c0 27.2-8 48-22.4 62.4-16 14.4-36.8 22.4-65.6 22.4s-49.6-6.4-64-20.8c-14.4-14.4-22.4-35.2-22.4-62.4v-124.8h56v120c0 14.4 3.2 25.6 8 32s12.8 9.6 24 9.6c11.2 0 19.2-3.2 24-9.6s8-17.6 8-32v-120h56v123.2zM900.8 585.6c-11.2 14.4-24 22.4-43.2 22.4-8 0-16-1.6-22.4-4.8s-12.8-8-19.2-14.4h0c1.6 11.2 3.2 17.6 3.2 20.8v64h-54.4v-228.8h44.8l8 20.8h3.2c9.6-16 24-22.4 41.6-22.4s32 8 41.6 22.4 14.4 35.2 14.4 60.8c-1.6 24-6.4 43.2-17.6 59.2z",
          "M187.2 443.2h-14.4v48h9.6c8 0 14.4-1.6 19.2-6.4s8-11.2 8-19.2c0-14.4-8-22.4-22.4-22.4z"
        ],
        "attrs": [
          {},
          {},
          {},
          {},
          {}
        ],
        "isMulticolor": false,
        "isMulticolor2": false,
        "grid": 0,
        "tags": [
          "Keyboard Icons-67"
        ]
      },
      "attrs": [
        {},
        {},
        {},
        {},
        {}
      ],
      "properties": {
        "order": 68,
        "id": 3,
        "name": "Keyboard-Icons-67",
        "prevSize": 32,
        "code": 85
      },
      "setIdx": 0,
      "setId": 0,
      "iconIdx": 66
    },
    {
      "icon": {
        "paths": [
          "M324.8 624c0 4.8 3.2 8 8 11.2s11.2 4.8 19.2 4.8c12.8 0 24-1.6 32-4.8s12.8-8 12.8-12.8c0-4.8-3.2-6.4-8-9.6s-11.2-3.2-20.8-3.2h-20.8c-6.4 0-11.2 1.6-14.4 4.8-4.8 1.6-8 6.4-8 9.6z",
          "M360 472c-11.2 0-17.6 8-17.6 24s6.4 24 17.6 24c4.8 0 9.6-1.6 12.8-6.4s4.8-9.6 4.8-17.6c-1.6-14.4-6.4-24-17.6-24z",
          "M619.2 443.2h-16v115.2h12.8c17.6 0 28.8-4.8 36.8-14.4s11.2-24 11.2-44.8c0-19.2-3.2-33.6-11.2-41.6-6.4-9.6-17.6-14.4-33.6-14.4z",
          "M904 64h-784c-65.6 0-120 54.4-120 120v656c0 65.6 54.4 120 120 120h784c65.6 0 120-54.4 120-120v-656c0-65.6-54.4-120-120-120zM244.8 516.8c-12.8 12.8-32 19.2-57.6 19.2h-16v68.8h-54.4v-206.4h70.4c25.6 0 44.8 6.4 59.2 17.6s19.2 27.2 19.2 48c0 22.4-6.4 40-20.8 52.8zM444.8 472l-20.8 8c3.2 4.8 4.8 11.2 4.8 19.2 0 17.6-6.4 30.4-17.6 40-12.8 9.6-30.4 14.4-54.4 14.4-6.4 0-11.2 0-14.4-1.6-1.6 3.2-1.6 4.8-1.6 6.4 0 3.2 1.6 4.8 6.4 6.4s9.6 1.6 17.6 1.6h27.2c35.2 0 52.8 14.4 52.8 44.8 0 19.2-8 35.2-25.6 44.8-16 11.2-40 16-70.4 16-22.4 0-40-3.2-52.8-11.2s-17.6-17.6-17.6-32c0-19.2 11.2-32 35.2-36.8-4.8-1.6-9.6-4.8-12.8-9.6s-4.8-9.6-4.8-14.4c0-4.8 1.6-9.6 4.8-12.8s8-8 17.6-12.8c-8-3.2-14.4-9.6-19.2-17.6s-6.4-17.6-6.4-28.8c0-17.6 6.4-30.4 17.6-40s28.8-14.4 51.2-14.4c3.2 0 8 0 14.4 1.6s12.8 1.6 16 1.6h56v27.2zM694.4 576c-19.2 19.2-44.8 27.2-80 27.2h-67.2v-204.8h70.4c33.6 0 59.2 8 76.8 25.6s27.2 41.6 27.2 73.6c0 33.6-9.6 60.8-27.2 78.4zM912 604.8h-54.4v-86.4c0-11.2-1.6-19.2-4.8-24s-8-8-14.4-8c-9.6 0-16 3.2-20.8 11.2s-6.4 20.8-6.4 38.4v70.4h-54.4v-160h41.6l6.4 19.2h3.2c4.8-8 11.2-12.8 19.2-17.6 8-3.2 17.6-6.4 28.8-6.4 17.6 0 32 4.8 41.6 16 9.6 9.6 14.4 24 14.4 43.2v104z",
          "M185.6 443.2h-14.4v48h9.6c8 0 14.4-1.6 19.2-6.4s8-11.2 8-19.2c1.6-14.4-6.4-22.4-22.4-22.4z"
        ],
        "attrs": [
          {},
          {},
          {},
          {},
          {}
        ],
        "isMulticolor": false,
        "isMulticolor2": false,
        "grid": 0,
        "tags": [
          "Keyboard Icons-68"
        ]
      },
      "attrs": [
        {},
        {},
        {},
        {},
        {}
      ],
      "properties": {
        "order": 69,
        "id": 2,
        "name": "Keyboard-Icons-68",
        "prevSize": 32,
        "code": 80
      },
      "setIdx": 0,
      "setId": 0,
      "iconIdx": 67
    },
    {
      "icon": {
        "paths": [
          "M684.8 486.4c-8 0-12.8 3.2-16 9.6s-6.4 16-6.4 28.8c0 12.8 1.6 22.4 6.4 28.8s9.6 9.6 17.6 9.6c9.6 0 14.4-3.2 19.2-8s4.8-14.4 6.4-25.6v-4.8c0-14.4-1.6-24-6.4-30.4s-11.2-8-20.8-8z",
          "M904 64h-784c-65.6 0-120 54.4-120 120v656c0 65.6 54.4 120 120 120h784c65.6 0 120-54.4 120-120v-656c0-65.6-54.4-120-120-120zM388.8 443.2h-67.2v32h62.4v44.8h-60.8v38.4h67.2v44.8h-121.6v-204.8h121.6v44.8zM576 604.8h-54.4v-86.4c0-11.2-1.6-19.2-4.8-24s-8-8-14.4-8c-9.6 0-16 3.2-20.8 11.2s-6.4 20.8-6.4 38.4v70.4h-54.4v-160h41.6l6.4 19.2h3.2c4.8-8 11.2-12.8 19.2-17.6s17.6-6.4 28.8-6.4c17.6 0 32 4.8 41.6 16s14.4 24 14.4 43.2v104zM761.6 604.8h-41.6l-11.2-20.8h-1.6c-9.6 16-24 22.4-41.6 22.4-11.2 0-20.8-3.2-30.4-9.6s-14.4-16-19.2-28.8-6.4-27.2-6.4-44.8c0-25.6 4.8-46.4 16-60.8s24-22.4 43.2-22.4c9.6 0 16 1.6 24 4.8s12.8 9.6 17.6 17.6h1.6c-1.6-12.8-3.2-25.6-3.2-36.8v-43.2h56v222.4z"
        ],
        "attrs": [
          {},
          {}
        ],
        "isMulticolor": false,
        "isMulticolor2": false,
        "grid": 0,
        "tags": [
          "Keyboard Icons-69"
        ]
      },
      "attrs": [
        {},
        {}
      ],
      "properties": {
        "order": 70,
        "id": 1,
        "name": "Keyboard-Icons-69",
        "prevSize": 32,
        "code": 69
      },
      "setIdx": 0,
      "setId": 0,
      "iconIdx": 68
    },
    {
      "icon": {
        "paths": [
          "M904 64h-784c-65.6 0-120 54.4-120 120v656c0 65.6 54.4 120 120 120h784c65.6 0 120-54.4 120-120v-656c0-65.6-54.4-120-120-120zM448 736l-192-30.4v-177.6h192v208zM448 496h-192v-177.6l192-30.4v208zM768 784l-288-44.8v-211.2h288v256zM768 496h-288v-211.2l288-44.8v256z"
        ],
        "attrs": [
          {}
        ],
        "isMulticolor": false,
        "isMulticolor2": false,
        "grid": 0,
        "tags": [
          "Keyboard Icons-70"
        ]
      },
      "attrs": [
        {}
      ],
      "properties": {
        "order": 71,
        "id": 0,
        "name": "Keyboard-Icons-70",
        "prevSize": 32,
        "code": 81
      },
      "setIdx": 0,
      "setId": 0,
      "iconIdx": 69
    }
  ],
  "height": 1024,
  "metadata": {
    "name": "Keyboard-Icons"
  },
  "preferences": {
    "showGlyphs": true,
    "showCodes": true,
    "showQuickUse": true,
    "showQuickUse2": true,
    "showSVGs": true,
    "fontPref": {
      "prefix": "icon-",
      "metadata": {
        "fontFamily": "Keyboard-Icons",
        "majorVersion": 1,
        "minorVersion": 0
      },
      "metrics": {
        "emSize": 1024,
        "baseline": 6.25,
        "whitespace": 50
      },
      "embed": false
    },
    "imagePref": {
      "prefix": "icon-",
      "png": true,
      "useClassSelector": true,
      "color": 0,
      "bgColor": 16777215
    },
    "historySize": 100
  }
}