{
  "IcoMoonType": "selection",
  "icons": [
    {
      "icon": {
        "paths": [
          "M800 16h-192v992h192c105.6 0 192-86.4 192-192v-608c0-105.6-86.4-192-192-192zM800 128c17.6 0 32 14.4 32 32s-14.4 32-32 32-32-14.4-32-32c0-17.6 14.4-32 32-32zM800 288c17.6 0 32 14.4 32 32s-14.4 32-32 32-32-14.4-32-32c0-17.6 14.4-32 32-32zM720 208c17.6 0 32 14.4 32 32s-14.4 32-32 32-32-14.4-32-32c0-17.6 14.4-32 32-32zM800 656c-62.4 0-112-49.6-112-112s49.6-112 112-112 112 49.6 112 112c0 62.4-49.6 112-112 112zM880 272c-17.6 0-32-14.4-32-32s14.4-32 32-32 32 14.4 32 32c0 17.6-14.4 32-32 32z",
          "M32 208v608c0 105.6 86.4 192 192 192h192v-992h-192c-105.6 0-192 86.4-192 192zM144 576c-17.6 0-32-14.4-32-32s14.4-32 32-32 32 14.4 32 32c0 17.6-14.4 32-32 32zM224 656c-17.6 0-32-14.4-32-32s14.4-32 32-32 32 14.4 32 32c0 17.6-14.4 32-32 32zM224 496c-17.6 0-32-14.4-32-32s14.4-32 32-32 32 14.4 32 32c0 17.6-14.4 32-32 32zM304 576c-17.6 0-32-14.4-32-32s14.4-32 32-32 32 14.4 32 32c0 17.6-14.4 32-32 32zM336 240c0 62.4-49.6 112-112 112s-112-49.6-112-112c0-62.4 49.6-112 112-112s112 49.6 112 112z"
        ],
        "attrs": [
          {},
          {}
        ],
        "isMulticolor": false,
        "isMulticolor2": false,
        "grid": 0,
        "tags": [
          "Nintendo Switch Icons_Switch Controllers"
        ]
      },
      "attrs": [
        {},
        {}
      ],
      "properties": {
        "order": 2,
        "id": 4,
        "name": "Nintendo-Switch-Icons_Switch-Controllers",
        "prevSize": 24,
        "code": 78
      },
      "setIdx": 0,
      "setId": 0,
      "iconIdx": 0
    },
    {
      "icon": {
        "paths": [
          "M512 96c228.8 0 416 187.2 416 416s-187.2 416-416 416-416-187.2-416-416 187.2-416 416-416zM512 64c-248 0-448 200-448 448s200 448 448 448 448-200 448-448c0-248-200-448-448-448v0z",
          "M560 320h-96l-144 384h97.6l30.4-96h128l32 96h96l-144-384zM448 560l48-144h32l48 144h-128z"
        ],
        "attrs": [
          {},
          {}
        ],
        "isMulticolor": false,
        "isMulticolor2": false,
        "grid": 0,
        "tags": [
          "Nintendo Switch Icons_Button A Outline"
        ]
      },
      "attrs": [
        {},
        {}
      ],
      "properties": {
        "order": 3,
        "id": 35,
        "name": "Nintendo-Switch-Icons_Button-A-Outline",
        "prevSize": 24,
        "code": 97
      },
      "setIdx": 0,
      "setId": 0,
      "iconIdx": 1
    },
    {
      "icon": {
        "paths": [
          "M512 64c-248 0-448 200-448 448s200 448 448 448 448-200 448-448c0-248-200-448-448-448zM608 704l-32-96h-128l-30.4 96h-97.6l144-384h96l144 384h-96z",
          "M496 416l-48 144h128l-48-144z"
        ],
        "attrs": [
          {},
          {}
        ],
        "isMulticolor": false,
        "isMulticolor2": false,
        "grid": 0,
        "tags": [
          "Nintendo Switch Icons_Button A"
        ]
      },
      "attrs": [
        {},
        {}
      ],
      "properties": {
        "order": 4,
        "id": 34,
        "name": "Nintendo-Switch-Icons_Button-A",
        "prevSize": 24,
        "code": 65
      },
      "setIdx": 0,
      "setId": 0,
      "iconIdx": 2
    },
    {
      "icon": {
        "paths": [
          "M512 96c228.8 0 416 187.2 416 416s-187.2 416-416 416-416-187.2-416-416 187.2-416 416-416zM512 64c-248 0-448 200-448 448s200 448 448 448 448-200 448-448c0-248-200-448-448-448v0z",
          "M632 528c-16-16-38.4-27.2-65.6-30.4v-1.6c22.4-6.4 40-17.6 54.4-32 14.4-16 20.8-33.6 20.8-54.4 0-28.8-11.2-51.2-35.2-67.2-22.4-16-56-24-99.2-24h-139.2v384h147.2c43.2 0 78.4-9.6 102.4-30.4 25.6-20.8 38.4-48 38.4-83.2 0-24-8-43.2-24-60.8zM454.4 384h32c41.6 0 62.4 14.4 62.4 41.6 0 14.4-4.8 27.2-16 35.2-9.6 8-24 12.8-41.6 12.8h-38.4v-89.6zM548.8 625.6c-11.2 9.6-27.2 14.4-46.4 14.4h-46.4v-100.8h48c19.2 0 35.2 4.8 46.4 12.8s16 20.8 16 36.8c-1.6 16-6.4 28.8-17.6 36.8z"
        ],
        "attrs": [
          {},
          {}
        ],
        "isMulticolor": false,
        "isMulticolor2": false,
        "grid": 0,
        "tags": [
          "Nintendo Switch Icons_Button B Outline"
        ]
      },
      "attrs": [
        {},
        {}
      ],
      "properties": {
        "order": 5,
        "id": 33,
        "name": "Nintendo-Switch-Icons_Button-B-Outline",
        "prevSize": 24,
        "code": 98
      },
      "setIdx": 0,
      "setId": 0,
      "iconIdx": 3
    },
    {
      "icon": {
        "paths": [
          "M550.4 462.4c9.6-8 16-20.8 16-35.2 0-28.8-20.8-41.6-62.4-41.6h-32v91.2h38.4c16-1.6 30.4-6.4 40-14.4z",
          "M564.8 552c-11.2-8-27.2-12.8-46.4-12.8h-48v100.8h46.4c19.2 0 35.2-4.8 46.4-14.4s17.6-22.4 17.6-38.4c0-14.4-4.8-25.6-16-35.2z",
          "M512 64c-248 0-448 200-448 448s200 448 448 448 448-200 448-448c0-248-200-448-448-448zM633.6 673.6c-25.6 20.8-59.2 30.4-102.4 30.4h-147.2v-384h139.2c43.2 0 75.2 8 99.2 24 22.4 16 35.2 38.4 35.2 67.2 0 20.8-6.4 38.4-20.8 54.4s-32 25.6-54.4 32v1.6c27.2 3.2 49.6 12.8 65.6 30.4 16 16 24 36.8 24 60.8-0 33.6-12.8 62.4-38.4 83.2z"
        ],
        "attrs": [
          {},
          {},
          {}
        ],
        "isMulticolor": false,
        "isMulticolor2": false,
        "grid": 0,
        "tags": [
          "Nintendo Switch Icons_Button B"
        ]
      },
      "attrs": [
        {},
        {},
        {}
      ],
      "properties": {
        "order": 6,
        "id": 32,
        "name": "Nintendo-Switch-Icons_Button-B",
        "prevSize": 24,
        "code": 66
      },
      "setIdx": 0,
      "setId": 0,
      "iconIdx": 4
    },
    {
      "icon": {
        "paths": [
          "M512 96c228.8 0 416 187.2 416 416s-187.2 416-416 416-416-187.2-416-416 187.2-416 416-416zM512 64c-248 0-448 200-448 448s200 448 448 448 448-200 448-448c0-248-200-448-448-448v0z",
          "M688 704h-112l-64-144-64 144h-112l112-192-112-192h112l64 144 64-144h112l-112 192z"
        ],
        "attrs": [
          {},
          {}
        ],
        "isMulticolor": false,
        "isMulticolor2": false,
        "grid": 0,
        "tags": [
          "Nintendo Switch Icons_Button X Outline"
        ]
      },
      "attrs": [
        {},
        {}
      ],
      "properties": {
        "order": 7,
        "id": 31,
        "name": "Nintendo-Switch-Icons_Button-X-Outline",
        "prevSize": 24,
        "code": 120
      },
      "setIdx": 0,
      "setId": 0,
      "iconIdx": 5
    },
    {
      "icon": {
        "paths": [
          "M512 64c-248 0-448 200-448 448s200 448 448 448 448-200 448-448c0-248-200-448-448-448zM688 704h-112l-64-144-64 144h-112l112-192-112-192h112l64 144 64-144h112l-112 192 112 192z"
        ],
        "attrs": [
          {}
        ],
        "isMulticolor": false,
        "isMulticolor2": false,
        "grid": 0,
        "tags": [
          "Nintendo Switch Icons_Button X"
        ]
      },
      "attrs": [
        {}
      ],
      "properties": {
        "order": 8,
        "id": 30,
        "name": "Nintendo-Switch-Icons_Button-X",
        "prevSize": 24,
        "code": 88
      },
      "setIdx": 0,
      "setId": 0,
      "iconIdx": 6
    },
    {
      "icon": {
        "paths": [
          "M512 96c228.8 0 416 187.2 416 416s-187.2 416-416 416-416-187.2-416-416 187.2-416 416-416zM512 64c-248 0-448 200-448 448s200 448 448 448 448-200 448-448c0-248-200-448-448-448v0z",
          "M553.6 566.4v136h-86.4v-134.4l-121.6-246.4h97.6l60.8 142.4c1.6 3.2 3.2 12.8 8 30.4h1.6c1.6-12.8 4.8-22.4 8-30.4l62.4-142.4h91.2l-121.6 244.8z"
        ],
        "attrs": [
          {},
          {}
        ],
        "isMulticolor": false,
        "isMulticolor2": false,
        "grid": 0,
        "tags": [
          "Nintendo Switch Icons_Button Y Outline"
        ]
      },
      "attrs": [
        {},
        {}
      ],
      "properties": {
        "order": 9,
        "id": 29,
        "name": "Nintendo-Switch-Icons_Button-Y-Outline",
        "prevSize": 24,
        "code": 121
      },
      "setIdx": 0,
      "setId": 0,
      "iconIdx": 7
    },
    {
      "icon": {
        "paths": [
          "M512 64c-248 0-448 200-448 448s200 448 448 448 448-200 448-448c0-248-200-448-448-448zM545.6 560v136h-86.4v-134.4l-121.6-246.4h97.6l60.8 142.4c1.6 3.2 3.2 12.8 8 30.4h1.6c1.6-12.8 4.8-22.4 8-30.4l62.4-142.4h91.2l-121.6 244.8z"
        ],
        "attrs": [
          {}
        ],
        "isMulticolor": false,
        "isMulticolor2": false,
        "grid": 0,
        "tags": [
          "Nintendo Switch Icons_Button Y"
        ]
      },
      "attrs": [
        {}
      ],
      "properties": {
        "order": 10,
        "id": 28,
        "name": "Nintendo-Switch-Icons_Button-Y",
        "prevSize": 24,
        "code": 89
      },
      "setIdx": 0,
      "setId": 0,
      "iconIdx": 8
    },
    {
      "icon": {
        "paths": [
          "M512 32c-265.6 0-480 214.4-480 480s214.4 480 480 480 480-214.4 480-480c0-265.6-214.4-480-480-480zM880 528c-8 190.4-161.6 344-352 352v80h-32v-80c-190.4-8-344-161.6-352-352h-80v-32h80c8-190.4 161.6-344 352-352v-80h32v80c190.4 8 344 161.6 352 352h80v32h-80z",
          "M512 176c-185.6 0-336 150.4-336 336s150.4 336 336 336c185.6 0 336-150.4 336-336s-150.4-336-336-336zM638.4 688h-225.6v-364.8h76.8v300.8h148.8v64z"
        ],
        "attrs": [
          {},
          {}
        ],
        "isMulticolor": false,
        "isMulticolor2": false,
        "grid": 0,
        "tags": [
          "Nintendo Switch Icons_Left Stick"
        ]
      },
      "attrs": [
        {},
        {}
      ],
      "properties": {
        "order": 11,
        "id": 12,
        "name": "Nintendo-Switch-Icons_Left-Stick",
        "prevSize": 24,
        "code": 113
      },
      "setIdx": 0,
      "setId": 0,
      "iconIdx": 9
    },
    {
      "icon": {
        "paths": [
          "M512 32c-265.6 0-480 214.4-480 480s214.4 480 480 480 480-214.4 480-480c0-265.6-214.4-480-480-480zM880 528c-8 190.4-161.6 344-352 352v80h-32v-80c-190.4-8-344-161.6-352-352h-80v-32h80c8-190.4 161.6-344 352-352v-80h32v80c190.4 8 344 161.6 352 352h80v32h-80z",
          "M545.6 396.8c-11.2-8-30.4-11.2-56-11.2h-24v99.2h25.6c24 0 43.2-4.8 54.4-12.8s17.6-20.8 17.6-38.4c0-16-6.4-28.8-17.6-36.8z",
          "M512 176c-185.6 0-336 150.4-336 336s150.4 336 336 336c185.6 0 336-150.4 336-336s-150.4-336-336-336zM595.2 688l-88-140.8h-41.6v140.8h-76.8v-364.8h107.2c49.6 0 86.4 9.6 110.4 27.2s35.2 44.8 35.2 81.6c0 20.8-6.4 40-17.6 57.6s-28.8 30.4-49.6 40c54.4 81.6 91.2 136 107.2 160h-86.4z"
        ],
        "attrs": [
          {},
          {},
          {}
        ],
        "isMulticolor": false,
        "isMulticolor2": false,
        "grid": 0,
        "tags": [
          "Nintendo Switch Icons_Right Stick"
        ]
      },
      "attrs": [
        {},
        {},
        {}
      ],
      "properties": {
        "order": 12,
        "id": 5,
        "name": "Nintendo-Switch-Icons_Right-Stick",
        "prevSize": 24,
        "code": 101
      },
      "setIdx": 0,
      "setId": 0,
      "iconIdx": 10
    },
    {
      "icon": {
        "paths": [
          "M512 32c-88 0-160 72-160 160s72 160 160 160 160-72 160-160c0-88-72-160-160-160zM432 240l80-128 80 128h-160z",
          "M672 832c0-88-72-160-160-160s-160 72-160 160c0 88 72 160 160 160s160-72 160-160zM592 784l-80 128-80-128h160z",
          "M32 512c0 88 72 160 160 160s160-72 160-160-72-160-160-160c-88 0-160 72-160 160zM240 592l-128-80 128-80v160z",
          "M832 352c-88 0-160 72-160 160s72 160 160 160c88 0 160-72 160-160s-72-160-160-160zM784 432l128 80-128 80v-160z"
        ],
        "attrs": [
          {},
          {},
          {},
          {}
        ],
        "isMulticolor": false,
        "isMulticolor2": false,
        "grid": 0,
        "tags": [
          "Nintendo Switch Icons_D-Pad"
        ]
      },
      "attrs": [
        {},
        {},
        {},
        {}
      ],
      "properties": {
        "order": 13,
        "id": 21,
        "name": "Nintendo-Switch-Icons_D-Pad",
        "prevSize": 24,
        "code": 100
      },
      "setIdx": 0,
      "setId": 0,
      "iconIdx": 11
    },
    {
      "icon": {
        "paths": [
          "M512 928c-228.8 0-416-187.2-416-416s187.2-416 416-416 416 187.2 416 416-187.2 416-416 416zM512 960c248 0 448-200 448-448s-200-448-448-448c-248 0-448 200-448 448s200 448 448 448v0z",
          "M736 368l-224 352-224-352z"
        ],
        "attrs": [
          {},
          {}
        ],
        "isMulticolor": false,
        "isMulticolor2": false,
        "grid": 0,
        "tags": [
          "Nintendo Switch Icons_D-Down Outline"
        ]
      },
      "attrs": [
        {},
        {}
      ],
      "properties": {
        "order": 14,
        "id": 25,
        "name": "Nintendo-Switch-Icons_D-Down-Outline",
        "prevSize": 24,
        "code": 107
      },
      "setIdx": 0,
      "setId": 0,
      "iconIdx": 12
    },
    {
      "icon": {
        "paths": [
          "M960 512c0-248-200-448-448-448s-448 200-448 448c0 248 200 448 448 448s448-200 448-448zM736 368l-224 352-224-352h448z"
        ],
        "attrs": [
          {}
        ],
        "isMulticolor": false,
        "isMulticolor2": false,
        "grid": 0,
        "tags": [
          "Nintendo Switch Icons_D-Down"
        ]
      },
      "attrs": [
        {}
      ],
      "properties": {
        "order": 15,
        "id": 24,
        "name": "Nintendo-Switch-Icons_D-Down",
        "prevSize": 24,
        "code": 75
      },
      "setIdx": 0,
      "setId": 0,
      "iconIdx": 13
    },
    {
      "icon": {
        "paths": [
          "M96 512c0-228.8 187.2-416 416-416s416 187.2 416 416-187.2 416-416 416-416-187.2-416-416zM64 512c0 248 200 448 448 448s448-200 448-448c0-248-200-448-448-448s-448 200-448 448v0z",
          "M656 736l-352-224 352-224z"
        ],
        "attrs": [
          {},
          {}
        ],
        "isMulticolor": false,
        "isMulticolor2": false,
        "grid": 0,
        "tags": [
          "Nintendo Switch Icons_D-Left Outline"
        ]
      },
      "attrs": [
        {},
        {}
      ],
      "properties": {
        "order": 16,
        "id": 23,
        "name": "Nintendo-Switch-Icons_D-Left-Outline",
        "prevSize": 24,
        "code": 106
      },
      "setIdx": 0,
      "setId": 0,
      "iconIdx": 14
    },
    {
      "icon": {
        "paths": [
          "M64 512c0 248 200 448 448 448s448-200 448-448-200-448-448-448c-248 0-448 200-448 448zM656 736l-352-224 352-224v448z"
        ],
        "attrs": [
          {}
        ],
        "isMulticolor": false,
        "isMulticolor2": false,
        "grid": 0,
        "tags": [
          "Nintendo Switch Icons_D-Left"
        ]
      },
      "attrs": [
        {}
      ],
      "properties": {
        "order": 17,
        "id": 22,
        "name": "Nintendo-Switch-Icons_D-Left",
        "prevSize": 24,
        "code": 74
      },
      "setIdx": 0,
      "setId": 0,
      "iconIdx": 15
    },
    {
      "icon": {
        "paths": [
          "M928 512c0 228.8-187.2 416-416 416s-416-187.2-416-416 187.2-416 416-416 416 187.2 416 416zM960 512c0-248-200-448-448-448s-448 200-448 448c0 248 200 448 448 448s448-200 448-448v0z",
          "M368 288l352 224-352 224z"
        ],
        "attrs": [
          {},
          {}
        ],
        "isMulticolor": false,
        "isMulticolor2": false,
        "grid": 0,
        "tags": [
          "Nintendo Switch Icons_D-Right Outline"
        ]
      },
      "attrs": [
        {},
        {}
      ],
      "properties": {
        "order": 18,
        "id": 20,
        "name": "Nintendo-Switch-Icons_D-Right-Outline",
        "prevSize": 24,
        "code": 108
      },
      "setIdx": 0,
      "setId": 0,
      "iconIdx": 16
    },
    {
      "icon": {
        "paths": [
          "M512 64c-248 0-448 200-448 448s200 448 448 448c248 0 448-200 448-448s-200-448-448-448zM368 288l352 224-352 224v-448z"
        ],
        "attrs": [
          {}
        ],
        "isMulticolor": false,
        "isMulticolor2": false,
        "grid": 0,
        "tags": [
          "Nintendo Switch Icons_D-Right"
        ]
      },
      "attrs": [
        {}
      ],
      "properties": {
        "order": 19,
        "id": 19,
        "name": "Nintendo-Switch-Icons_D-Right",
        "prevSize": 24,
        "code": 76
      },
      "setIdx": 0,
      "setId": 0,
      "iconIdx": 17
    },
    {
      "icon": {
        "paths": [
          "M512 96c228.8 0 416 187.2 416 416s-187.2 416-416 416-416-187.2-416-416 187.2-416 416-416zM512 64c-248 0-448 200-448 448s200 448 448 448c248 0 448-200 448-448s-200-448-448-448v0z",
          "M288 656l224-352 224 352z"
        ],
        "attrs": [
          {},
          {}
        ],
        "isMulticolor": false,
        "isMulticolor2": false,
        "grid": 0,
        "tags": [
          "Nintendo Switch Icons_D-Up Outline"
        ]
      },
      "attrs": [
        {},
        {}
      ],
      "properties": {
        "order": 20,
        "id": 18,
        "name": "Nintendo-Switch-Icons_D-Up-Outline",
        "prevSize": 24,
        "code": 105
      },
      "setIdx": 0,
      "setId": 0,
      "iconIdx": 18
    },
    {
      "icon": {
        "paths": [
          "M512 64c-248 0-448 200-448 448s200 448 448 448 448-200 448-448c0-248-200-448-448-448zM288 656l224-352 224 352h-448z"
        ],
        "attrs": [
          {}
        ],
        "isMulticolor": false,
        "isMulticolor2": false,
        "grid": 0,
        "tags": [
          "Nintendo Switch Icons_D-Up"
        ]
      },
      "attrs": [
        {}
      ],
      "properties": {
        "order": 21,
        "id": 17,
        "name": "Nintendo-Switch-Icons_D-Up",
        "prevSize": 24,
        "code": 73
      },
      "setIdx": 0,
      "setId": 0,
      "iconIdx": 19
    },
    {
      "icon": {
        "paths": [
          "M928 512c0 228.8-187.2 416-416 416s-416-187.2-416-416 187.2-416 416-416 416 187.2 416 416zM960 512c0-248-200-448-448-448s-448 200-448 448c0 248 200 448 448 448s448-200 448-448v0z",
          "M764.8 476.8l-241.6-256c-6.4-6.4-17.6-6.4-24 0l-241.6 256c-9.6 9.6-1.6 27.2 11.2 27.2h51.2v248h384v-248h49.6c12.8 0 20.8-16 11.2-27.2zM592 640h-160v-128h160v128z"
        ],
        "attrs": [
          {},
          {}
        ],
        "isMulticolor": false,
        "isMulticolor2": false,
        "grid": 0,
        "tags": [
          "Nintendo Switch Icons_Home Button Outline"
        ]
      },
      "attrs": [
        {},
        {}
      ],
      "properties": {
        "order": 22,
        "id": 16,
        "name": "Nintendo-Switch-Icons_Home-Button-Outline",
        "prevSize": 24,
        "code": 104
      },
      "setIdx": 0,
      "setId": 0,
      "iconIdx": 20
    },
    {
      "icon": {
        "paths": [
          "M432 512h160v128h-160v-128z",
          "M512 64c-248 0-448 200-448 448s200 448 448 448 448-200 448-448c0-248-200-448-448-448zM753.6 504h-49.6v248h-384v-248h-49.6c-14.4 0-20.8-16-11.2-27.2l241.6-256c6.4-6.4 17.6-6.4 24 0l241.6 256c8 11.2 0 27.2-12.8 27.2z"
        ],
        "attrs": [
          {},
          {}
        ],
        "isMulticolor": false,
        "isMulticolor2": false,
        "grid": 0,
        "tags": [
          "Nintendo Switch Icons_Home Button"
        ]
      },
      "attrs": [
        {},
        {}
      ],
      "properties": {
        "order": 23,
        "id": 15,
        "name": "Nintendo-Switch-Icons_Home-Button",
        "prevSize": 24,
        "code": 72
      },
      "setIdx": 0,
      "setId": 0,
      "iconIdx": 21
    },
    {
      "icon": {
        "paths": [
          "M832 96c52.8 0 96 43.2 96 96v640c0 52.8-43.2 96-96 96h-640c-52.8 0-96-43.2-96-96v-640c0-52.8 43.2-96 96-96h640zM832 64h-640c-70.4 0-128 57.6-128 128v640c0 70.4 57.6 128 128 128h640c70.4 0 128-57.6 128-128v-640c0-70.4-57.6-128-128-128v0z",
          "M512 208c168 0 304 136 304 304s-136 304-304 304-304-136-304-304 136-304 304-304zM512 176c-185.6 0-336 150.4-336 336s150.4 336 336 336 336-150.4 336-336c0-185.6-150.4-336-336-336v0z"
        ],
        "attrs": [
          {},
          {}
        ],
        "isMulticolor": false,
        "isMulticolor2": false,
        "grid": 0,
        "tags": [
          "Nintendo Switch Icons_Capture Button Outline"
        ]
      },
      "attrs": [
        {},
        {}
      ],
      "properties": {
        "order": 24,
        "id": 27,
        "name": "Nintendo-Switch-Icons_Capture-Button-Outline",
        "prevSize": 24,
        "code": 99
      },
      "setIdx": 0,
      "setId": 0,
      "iconIdx": 22
    },
    {
      "icon": {
        "paths": [
          "M832 64h-640c-70.4 0-128 57.6-128 128v640c0 70.4 57.6 128 128 128h640c70.4 0 128-57.6 128-128v-640c0-70.4-57.6-128-128-128zM512 816c-168 0-304-136-304-304s136-304 304-304 304 136 304 304c0 168-136 304-304 304z"
        ],
        "attrs": [
          {}
        ],
        "isMulticolor": false,
        "isMulticolor2": false,
        "grid": 0,
        "tags": [
          "Nintendo Switch Icons_Capture Button"
        ]
      },
      "attrs": [
        {}
      ],
      "properties": {
        "order": 25,
        "id": 26,
        "name": "Nintendo-Switch-Icons_Capture-Button",
        "prevSize": 24,
        "code": 67
      },
      "setIdx": 0,
      "setId": 0,
      "iconIdx": 23
    },
    {
      "icon": {
        "paths": [
          "M928 448v128h-832v-128h832zM960 416h-896v192h896v-192z"
        ],
        "attrs": [
          {}
        ],
        "isMulticolor": false,
        "isMulticolor2": false,
        "grid": 0,
        "tags": [
          "Nintendo Switch Icons_Minus Button Outline"
        ]
      },
      "attrs": [
        {}
      ],
      "properties": {
        "order": 26,
        "id": 11,
        "name": "Nintendo-Switch-Icons_Minus-Button-Outline",
        "prevSize": 24,
        "code": 109
      },
      "setIdx": 0,
      "setId": 0,
      "iconIdx": 24
    },
    {
      "icon": {
        "paths": [
          "M64 416h896v192h-896v-192z"
        ],
        "attrs": [
          {}
        ],
        "isMulticolor": false,
        "isMulticolor2": false,
        "grid": 0,
        "tags": [
          "Nintendo Switch Icons_Minus Button"
        ]
      },
      "attrs": [
        {}
      ],
      "properties": {
        "order": 27,
        "id": 10,
        "name": "Nintendo-Switch-Icons_Minus-Button",
        "prevSize": 24,
        "code": 77
      },
      "setIdx": 0,
      "setId": 0,
      "iconIdx": 25
    },
    {
      "icon": {
        "paths": [
          "M576 96v352h352v128h-352v352h-128v-352h-352v-128h352v-352h128zM608 64h-192v352h-352v192h352v352h192v-352h352v-192h-352v-352z"
        ],
        "attrs": [
          {}
        ],
        "isMulticolor": false,
        "isMulticolor2": false,
        "grid": 0,
        "tags": [
          "Nintendo Switch Icons_Plus Button Outline"
        ]
      },
      "attrs": [
        {}
      ],
      "properties": {
        "order": 28,
        "id": 9,
        "name": "Nintendo-Switch-Icons_Plus-Button-Outline",
        "prevSize": 24,
        "code": 112
      },
      "setIdx": 0,
      "setId": 0,
      "iconIdx": 26
    },
    {
      "icon": {
        "paths": [
          "M960 416h-352v-352h-192v352h-352v192h352v352h192v-352h352z"
        ],
        "attrs": [
          {}
        ],
        "isMulticolor": false,
        "isMulticolor2": false,
        "grid": 0,
        "tags": [
          "Nintendo Switch Icons_Plus Button"
        ]
      },
      "attrs": [
        {}
      ],
      "properties": {
        "order": 29,
        "id": 8,
        "name": "Nintendo-Switch-Icons_Plus-Button",
        "prevSize": 24,
        "code": 80
      },
      "setIdx": 0,
      "setId": 0,
      "iconIdx": 27
    },
    {
      "icon": {
        "paths": [
          "M768 784h-512c-115.2 0-208-92.8-208-208v-256c0-44.8 35.2-80 80-80h768c44.8 0 80 35.2 80 80v256c0 115.2-92.8 208-208 208zM128 272c-27.2 0-48 20.8-48 48v256c0 97.6 78.4 176 176 176h512c97.6 0 176-78.4 176-176v-256c0-27.2-20.8-48-48-48h-768z",
          "M412.8 688v-364.8h76.8v300.8h148.8v64h-225.6z"
        ],
        "attrs": [
          {},
          {}
        ],
        "isMulticolor": false,
        "isMulticolor2": false,
        "grid": 0,
        "tags": [
          "Nintendo Switch Icons_L Button Outline"
        ]
      },
      "attrs": [
        {},
        {}
      ],
      "properties": {
        "order": 30,
        "id": 14,
        "name": "Nintendo-Switch-Icons_L-Button-Outline",
        "prevSize": 24,
        "code": 116
      },
      "setIdx": 0,
      "setId": 0,
      "iconIdx": 28
    },
    {
      "icon": {
        "paths": [
          "M896 256h-768c-35.2 0-64 28.8-64 64v256c0 105.6 86.4 192 192 192h512c105.6 0 192-86.4 192-192v-256c0-35.2-28.8-64-64-64zM638.4 688h-225.6v-364.8h76.8v300.8h148.8v64z"
        ],
        "attrs": [
          {}
        ],
        "isMulticolor": false,
        "isMulticolor2": false,
        "grid": 0,
        "tags": [
          "Nintendo Switch Icons_L Button"
        ]
      },
      "attrs": [
        {}
      ],
      "properties": {
        "order": 31,
        "id": 13,
        "name": "Nintendo-Switch-Icons_L-Button",
        "prevSize": 24,
        "code": 84
      },
      "setIdx": 0,
      "setId": 0,
      "iconIdx": 29
    },
    {
      "icon": {
        "paths": [
          "M768 784h-512c-115.2 0-208-92.8-208-208v-256c0-44.8 35.2-80 80-80h768c44.8 0 80 35.2 80 80v256c0 115.2-92.8 208-208 208zM128 272c-27.2 0-48 20.8-48 48v256c0 97.6 78.4 176 176 176h512c97.6 0 176-78.4 176-176v-256c0-27.2-20.8-48-48-48h-768z",
          "M467.2 548.8v139.2h-76.8v-364.8h105.6c49.6 0 86.4 9.6 110.4 27.2s35.2 44.8 35.2 81.6c0 20.8-6.4 40-17.6 57.6s-28.8 30.4-49.6 40c54.4 81.6 91.2 136 107.2 160h-86.4l-88-140.8h-40zM467.2 484.8h25.6c24 0 43.2-4.8 54.4-12.8s17.6-20.8 17.6-38.4c0-17.6-6.4-30.4-17.6-36.8-11.2-8-30.4-11.2-56-11.2h-24v99.2z"
        ],
        "attrs": [
          {},
          {}
        ],
        "isMulticolor": false,
        "isMulticolor2": false,
        "grid": 0,
        "tags": [
          "Nintendo Switch Icons_R Button Outline"
        ]
      },
      "attrs": [
        {},
        {}
      ],
      "properties": {
        "order": 32,
        "id": 7,
        "name": "Nintendo-Switch-Icons_R-Button-Outline",
        "prevSize": 24,
        "code": 117
      },
      "setIdx": 0,
      "setId": 0,
      "iconIdx": 30
    },
    {
      "icon": {
        "paths": [
          "M545.6 396.8c-11.2-8-30.4-11.2-56-11.2h-24v99.2h25.6c24 0 43.2-4.8 54.4-12.8s17.6-20.8 17.6-38.4c0-16-6.4-28.8-17.6-36.8z",
          "M896 256h-768c-35.2 0-64 28.8-64 64v256c0 105.6 86.4 192 192 192h512c105.6 0 192-86.4 192-192v-256c0-35.2-28.8-64-64-64zM595.2 688l-88-140.8h-41.6v140.8h-76.8v-364.8h107.2c49.6 0 86.4 9.6 110.4 27.2s35.2 44.8 35.2 81.6c0 20.8-6.4 40-17.6 57.6s-28.8 30.4-49.6 40c54.4 81.6 91.2 136 107.2 160h-86.4z"
        ],
        "attrs": [
          {},
          {}
        ],
        "isMulticolor": false,
        "isMulticolor2": false,
        "grid": 0,
        "tags": [
          "Nintendo Switch Icons_R Button"
        ]
      },
      "attrs": [
        {},
        {}
      ],
      "properties": {
        "order": 33,
        "id": 6,
        "name": "Nintendo-Switch-Icons_R-Button",
        "prevSize": 24,
        "code": 85
      },
      "setIdx": 0,
      "setId": 0,
      "iconIdx": 31
    },
    {
      "icon": {
        "paths": [
          "M720 144c115.2 0 208 92.8 208 208v480c0 27.2-20.8 48-48 48h-736c-27.2 0-48-20.8-48-48v-480c0-115.2 92.8-208 208-208h416zM720 112h-416c-131.2 0-240 108.8-240 240v480c0 44.8 36.8 80 80 80h736c44.8 0 80-36.8 80-80v-480c0-131.2-107.2-240-240-240v0z",
          "M504 688h-272v-49.6l176-251.2h-171.2v-64h262.4v49.6l-176 251.2h179.2v64z",
          "M561.6 688v-364.8h76.8v300.8h148.8v64h-225.6z"
        ],
        "attrs": [
          {},
          {},
          {}
        ],
        "isMulticolor": false,
        "isMulticolor2": false,
        "grid": 0,
        "tags": [
          "Nintendo Switch Icons_ZL Button Outline"
        ]
      },
      "attrs": [
        {},
        {},
        {}
      ],
      "properties": {
        "order": 34,
        "id": 3,
        "name": "Nintendo-Switch-Icons_ZL-Button-Outline",
        "prevSize": 24,
        "code": 118
      },
      "setIdx": 0,
      "setId": 0,
      "iconIdx": 32
    },
    {
      "icon": {
        "paths": [
          "M720 112h-416c-131.2 0-240 108.8-240 240v480c0 44.8 36.8 80 80 80h736c44.8 0 80-36.8 80-80v-480c0-131.2-107.2-240-240-240zM504 688h-272v-49.6l176-251.2h-171.2v-64h262.4v49.6l-176 251.2h179.2v64zM787.2 688h-225.6v-364.8h76.8v300.8h148.8v64z"
        ],
        "attrs": [
          {}
        ],
        "isMulticolor": false,
        "isMulticolor2": false,
        "grid": 0,
        "tags": [
          "Nintendo Switch Icons_ZL Button"
        ]
      },
      "attrs": [
        {}
      ],
      "properties": {
        "order": 35,
        "id": 2,
        "name": "Nintendo-Switch-Icons_ZL-Button",
        "prevSize": 24,
        "code": 86
      },
      "setIdx": 0,
      "setId": 0,
      "iconIdx": 33
    },
    {
      "icon": {
        "paths": [
          "M720 144c115.2 0 208 92.8 208 208v480c0 27.2-20.8 48-48 48h-736c-27.2 0-48-20.8-48-48v-480c0-115.2 92.8-208 208-208h416zM720 112h-416c-131.2 0-240 108.8-240 240v480c0 44.8 36.8 80 80 80h736c44.8 0 80-36.8 80-80v-480c0-131.2-107.2-240-240-240v0z",
          "M478.4 688h-272v-49.6l176-251.2h-171.2v-64h262.4v49.6l-174.4 251.2h179.2v64z",
          "M614.4 548.8v139.2h-76.8v-364.8h107.2c49.6 0 86.4 9.6 110.4 27.2s35.2 44.8 35.2 81.6c0 20.8-6.4 40-17.6 57.6s-28.8 30.4-49.6 40c54.4 81.6 91.2 136 107.2 160h-86.4l-88-140.8h-41.6zM614.4 484.8h25.6c24 0 43.2-4.8 54.4-12.8s17.6-20.8 17.6-38.4c0-17.6-6.4-30.4-17.6-36.8-11.2-8-30.4-11.2-56-11.2h-24v99.2z"
        ],
        "attrs": [
          {},
          {},
          {}
        ],
        "isMulticolor": false,
        "isMulticolor2": false,
        "grid": 0,
        "tags": [
          "Nintendo Switch Icons_ZR Button Outline"
        ]
      },
      "attrs": [
        {},
        {},
        {}
      ],
      "properties": {
        "order": 36,
        "id": 1,
        "name": "Nintendo-Switch-Icons_ZR-Button-Outline",
        "prevSize": 24,
        "code": 103
      },
      "setIdx": 0,
      "setId": 0,
      "iconIdx": 34
    },
    {
      "icon": {
        "paths": [
          "M720 112h-416c-131.2 0-240 108.8-240 240v480c0 44.8 36.8 80 80 80h736c44.8 0 80-36.8 80-80v-480c0-131.2-107.2-240-240-240zM478.4 688h-272v-49.6l176-251.2h-171.2v-64h262.4v49.6l-174.4 251.2h179.2v64zM744 688l-88-139.2h-41.6v139.2h-76.8v-364.8h107.2c49.6 0 86.4 9.6 110.4 27.2s35.2 44.8 35.2 81.6c0 20.8-6.4 40-17.6 57.6s-28.8 30.4-49.6 40c54.4 81.6 91.2 136 107.2 160h-86.4z",
          "M694.4 396.8c-11.2-8-30.4-11.2-56-11.2h-24v99.2h25.6c24 0 43.2-4.8 54.4-12.8s17.6-20.8 17.6-38.4c0-16-6.4-28.8-17.6-36.8z"
        ],
        "attrs": [
          {},
          {}
        ],
        "isMulticolor": false,
        "isMulticolor2": false,
        "grid": 0,
        "tags": [
          "Nintendo Switch Icons_ZR Button"
        ]
      },
      "attrs": [
        {},
        {}
      ],
      "properties": {
        "order": 37,
        "id": 0,
        "name": "Nintendo-Switch-Icons_ZR-Button",
        "prevSize": 24,
        "code": 71
      },
      "setIdx": 0,
      "setId": 0,
      "iconIdx": 35
    }
  ],
  "height": 1024,
  "metadata": {
    "name": "NintendoSwitch"
  },
  "preferences": {
    "showGlyphs": true,
    "showCodes": true,
    "showQuickUse": false,
    "showQuickUse2": true,
    "showSVGs": true,
    "fontPref": {
      "prefix": "icon-",
      "metadata": {
        "fontFamily": "NintendoSwitch",
        "majorVersion": 1,
        "minorVersion": 0
      },
      "metrics": {
        "emSize": 1024,
        "baseline": 6.25,
        "whitespace": 50
      },
      "embed": false
    },
    "imagePref": {
      "prefix": "icon-",
      "png": true,
      "useClassSelector": true,
      "color": 0,
      "bgColor": 16777215
    },
    "historySize": 100
  }
}